"curso","id_aula","aula","nivel_anterior_curso","nivel_aula","ordem_global","trilha","pre_requisitos","itens","evidencia_inicial","evidencia_final","criterio_editorial"
"Primeiras Frases","lesson-first-sentences-a1-01","Eu sou, você é","A1","A1","10","central","","10","I'm a student.","Are you tired?","Frases simples, vocabulário concreto e fórmulas previsíveis. Estruturas simples e fórmulas concretas; was/were e revisão com passado entram na transição A2."
"Primeiras Frases","lesson-first-sentences-a1-02","Perguntas com to be","A1","A1","20","central","","10","Are you Brazilian?","Yes, I am.","Frases simples, vocabulário concreto e fórmulas previsíveis. Estruturas simples e fórmulas concretas; was/were e revisão com passado entram na transição A2."
"Primeiras Frases","lesson-first-sentences-a1-03","Negativas com to be","A1","A1","30","central","","10","I'm not tired.","You're not late.","Frases simples, vocabulário concreto e fórmulas previsíveis. Estruturas simples e fórmulas concretas; was/were e revisão com passado entram na transição A2."
"Primeiras Frases","lesson-first-sentences-a1-04","There is e there are","A1","A1","40","central","","10","There is a bank near here.","There is someone at the door.","Frases simples, vocabulário concreto e fórmulas previsíveis. Estruturas simples e fórmulas concretas; was/were e revisão com passado entram na transição A2."
"Primeiras Frases","lesson-first-sentences-a1-05","Meu, seu, dele: possessivos","A1","A1","50","central","","10","This is my brother.","It's mine.","Frases simples, vocabulário concreto e fórmulas previsíveis. Estruturas simples e fórmulas concretas; was/were e revisão com passado entram na transição A2."
"Primeiras Frases","lesson-first-sentences-a1-06","Presente simples: rotina","A1","A1","60","central","","10","I wake up at seven.","I never drink coffee at night.","Frases simples, vocabulário concreto e fórmulas previsíveis. Estruturas simples e fórmulas concretas; was/were e revisão com passado entram na transição A2."
"Primeiras Frases","lesson-first-sentences-a1-07","Perguntas e negativas com do/does","A1","A1","70","central","","10","Do you speak English?","What time does the store open?","Frases simples, vocabulário concreto e fórmulas previsíveis. Estruturas simples e fórmulas concretas; was/were e revisão com passado entram na transição A2."
"Primeiras Frases","lesson-first-sentences-a1-08","Can: habilidade e pedidos","A1","A1","80","central","","10","I can swim.","I can play the guitar a little.","Frases simples, vocabulário concreto e fórmulas previsíveis. Estruturas simples e fórmulas concretas; was/were e revisão com passado entram na transição A2."
"Primeiras Frases","lesson-first-sentences-a1-09","Imperativo: instruções e avisos","A1","A1","90","central","","10","Open the window, please.","Let's take a break.","Frases simples, vocabulário concreto e fórmulas previsíveis. Estruturas simples e fórmulas concretas; was/were e revisão com passado entram na transição A2."
"Primeiras Frases","lesson-first-sentences-a1-10","Gostos: like, love e hate","A1","A1","100","central","","10","I like music.","My favorite food is pizza.","Frases simples, vocabulário concreto e fórmulas previsíveis. Estruturas simples e fórmulas concretas; was/were e revisão com passado entram na transição A2."
"Preposições e Conectores","lesson-prepositions-b1-02","In, on e at: lugar","B1","A1","110","central","","10","I live in Brazil.","He's in the kitchen.","Frases simples, vocabulário concreto e fórmulas previsíveis. Lugar concreto é A1; tempo e combinações frequentes A2; contraste discursivo e concessão vêm depois."
"Números, Horas e Datas","lesson-numbers-a1-02","Preços e dinheiro","A1","A1","120","central","","10","How much is this?","That's too expensive for me.","Frases simples, vocabulário concreto e fórmulas previsíveis. Preço, telefone e horas como fórmulas concretas A1; idade com passado, datas, agenda e medidas compostas A2."
"Números, Horas e Datas","lesson-numbers-a1-03","Telefone e soletrar","A1","A1","130","central","","10","What's your phone number?","Double five, three, seven.","Frases simples, vocabulário concreto e fórmulas previsíveis. Preço, telefone e horas como fórmulas concretas A1; idade com passado, datas, agenda e medidas compostas A2."
"Números, Horas e Datas","lesson-numbers-a1-04","Horas","A1","A1","140","central","","10","What time is it?","It's almost midnight.","Frases simples, vocabulário concreto e fórmulas previsíveis. Preço, telefone e horas como fórmulas concretas A1; idade com passado, datas, agenda e medidas compostas A2."
"1000 Palavras Essenciais","lesson-1000-words-a1-01","Pessoas e família","A1","A1","150","central","","20","mother","woman","Frases simples, vocabulário concreto e fórmulas previsíveis. O alvo é a palavra ou expressão lexical isolada; temas abstratos e conectores não equivalem ao vocabulário concreto inicial."
"1000 Palavras Essenciais","lesson-1000-words-a1-03","Números de 1 a 20","A1","A1","160","central","","20","one","twenty","Frases simples, vocabulário concreto e fórmulas previsíveis. O alvo é a palavra ou expressão lexical isolada; temas abstratos e conectores não equivalem ao vocabulário concreto inicial."
"1000 Palavras Essenciais","lesson-1000-words-a1-04","Itens essenciais do dia a dia","A1","A1","170","central","","20","keys","jacket","Frases simples, vocabulário concreto e fórmulas previsíveis. O alvo é a palavra ou expressão lexical isolada; temas abstratos e conectores não equivalem ao vocabulário concreto inicial."
"1000 Palavras Essenciais","lesson-1000-words-a1-05","Números de 21 em diante","A1","A1","180","central","","20","twenty-one","number","Frases simples, vocabulário concreto e fórmulas previsíveis. O alvo é a palavra ou expressão lexical isolada; temas abstratos e conectores não equivalem ao vocabulário concreto inicial."
"1000 Palavras Essenciais","lesson-1000-words-a1-06","Dias da semana e meses","A1","A1","190","central","","20","Monday","May","Frases simples, vocabulário concreto e fórmulas previsíveis. O alvo é a palavra ou expressão lexical isolada; temas abstratos e conectores não equivalem ao vocabulário concreto inicial."
"1000 Palavras Essenciais","lesson-1000-words-a1-07","Horas e partes do dia","A1","A1","200","central","","20","time","schedule","Frases simples, vocabulário concreto e fórmulas previsíveis. O alvo é a palavra ou expressão lexical isolada; temas abstratos e conectores não equivalem ao vocabulário concreto inicial."
"1000 Palavras Essenciais","lesson-1000-words-a1-09","Roupas e acessórios","A1","A1","210","central","","20","clothes","ring","Frases simples, vocabulário concreto e fórmulas previsíveis. O alvo é a palavra ou expressão lexical isolada; temas abstratos e conectores não equivalem ao vocabulário concreto inicial."
"1000 Palavras Essenciais","lesson-1000-words-a1-10","Casa e cômodos","A1","A1","220","central","","20","house","neighbor","Frases simples, vocabulário concreto e fórmulas previsíveis. O alvo é a palavra ou expressão lexical isolada; temas abstratos e conectores não equivalem ao vocabulário concreto inicial."
"1000 Palavras Essenciais","lesson-1000-words-a1-11","Comida básica e refeições","A1","A1","230","central","","20","breakfast","sandwich","Frases simples, vocabulário concreto e fórmulas previsíveis. O alvo é a palavra ou expressão lexical isolada; temas abstratos e conectores não equivalem ao vocabulário concreto inicial."
"1000 Palavras Essenciais","lesson-1000-words-a1-14","Cidade e lugares","A1","A1","240","central","","20","street","city","Frases simples, vocabulário concreto e fórmulas previsíveis. O alvo é a palavra ou expressão lexical isolada; temas abstratos e conectores não equivalem ao vocabulário concreto inicial."
"1000 Palavras Essenciais","lesson-1000-words-a1-15","Transporte","A1","A1","250","central","","20","car","walk","Frases simples, vocabulário concreto e fórmulas previsíveis. O alvo é a palavra ou expressão lexical isolada; temas abstratos e conectores não equivalem ao vocabulário concreto inicial."
"1000 Palavras Essenciais","lesson-1000-words-a1-18","Animais","A1","A1","260","central","","20","dog","spider","Frases simples, vocabulário concreto e fórmulas previsíveis. O alvo é a palavra ou expressão lexical isolada; temas abstratos e conectores não equivalem ao vocabulário concreto inicial."
"1000 Palavras Essenciais","lesson-1000-words-a1-26","Móveis e objetos da casa","A1","A1","270","central","","20","bed","furniture","Frases simples, vocabulário concreto e fórmulas previsíveis. O alvo é a palavra ou expressão lexical isolada; temas abstratos e conectores não equivalem ao vocabulário concreto inicial."
"1000 Palavras Essenciais","lesson-1000-words-a1-38","Adjetivos opostos 1","A1","A1","280","central","","20","good","wrong","Frases simples, vocabulário concreto e fórmulas previsíveis. O alvo é a palavra ou expressão lexical isolada; temas abstratos e conectores não equivalem ao vocabulário concreto inicial."
"Tempos Verbais em Uso","lesson-tenses-b1-01","Presente simples × contínuo","B1","A2","290","central","lesson-first-sentences-a1-10","10","I work in a bank.","What do you do?","Trocas rotineiras, passado/futuro básico e instruções claras. Contrastes básicos no A2; perfect, narrativa e reporte no B1; contrafactuais passados, dedução passada e passivas compostas no B2."
"Primeiras Frases","lesson-first-sentences-a1-11","Passado com was e were","A1","A2","300","central","lesson-first-sentences-a1-10","10","I was at home yesterday.","I was born in Brazil.","Trocas rotineiras, passado/futuro básico e instruções claras. Estruturas simples e fórmulas concretas; was/were e revisão com passado entram na transição A2."
"Primeiras Frases","lesson-first-sentences-a1-12","Revisão: primeiras conversas","A1","A2","310","central","lesson-first-sentences-a1-10","10","Hi, I'm Ana. I'm from Brazil.","It was nice to meet you.","Trocas rotineiras, passado/futuro básico e instruções claras. Estruturas simples e fórmulas concretas; was/were e revisão com passado entram na transição A2."
"Tempos Verbais em Uso","lesson-tenses-b1-02","Passado simples × contínuo","B1","A2","320","central","lesson-first-sentences-a1-10","10","I called you at nine.","I didn't hear the phone. I was sleeping.","Trocas rotineiras, passado/futuro básico e instruções claras. Contrastes básicos no A2; perfect, narrativa e reporte no B1; contrafactuais passados, dedução passada e passivas compostas no B2."
"Preposições e Conectores","lesson-prepositions-b1-01","In, on e at: tempo","B1","A2","330","central","lesson-first-sentences-a1-10","10","The meeting is at nine.","See you next week.","Trocas rotineiras, passado/futuro básico e instruções claras. Lugar concreto é A1; tempo e combinações frequentes A2; contraste discursivo e concessão vêm depois."
"Preposições e Conectores","lesson-prepositions-b1-03","Verbo + preposição","B1","A2","340","central","lesson-first-sentences-a1-10","10","It depends on the weather.","She is married to a doctor.","Trocas rotineiras, passado/futuro básico e instruções claras. Lugar concreto é A1; tempo e combinações frequentes A2; contraste discursivo e concessão vêm depois."
"Tempos Verbais em Uso","lesson-tenses-b1-05","Futuro: will, going to e presente contínuo","B1","A2","350","central","lesson-first-sentences-a1-10","10","I'll help you.","What are you going to do after college?","Trocas rotineiras, passado/futuro básico e instruções claras. Contrastes básicos no A2; perfect, narrativa e reporte no B1; contrafactuais passados, dedução passada e passivas compostas no B2."
"Números, Horas e Datas","lesson-numbers-a1-01","Números e idade","A1","A2","360","central","lesson-first-sentences-a1-10","10","I am twenty-five years old.","I'm the second of three kids.","Trocas rotineiras, passado/futuro básico e instruções claras. Preço, telefone e horas como fórmulas concretas A1; idade com passado, datas, agenda e medidas compostas A2."
"Números, Horas e Datas","lesson-numbers-a1-05","Datas e aniversários","A1","A2","370","central","lesson-first-sentences-a1-10","10","What's the date today?","Christmas is on December twenty-fifth.","Trocas rotineiras, passado/futuro básico e instruções claras. Preço, telefone e horas como fórmulas concretas A1; idade com passado, datas, agenda e medidas compostas A2."
"Números, Horas e Datas","lesson-numbers-a1-06","Agenda e compromissos","A1","A2","380","central","lesson-first-sentences-a1-10","10","Are you free on Tuesday?","The deadline is the end of the month.","Trocas rotineiras, passado/futuro básico e instruções claras. Preço, telefone e horas como fórmulas concretas A1; idade com passado, datas, agenda e medidas compostas A2."
"Números, Horas e Datas","lesson-numbers-a1-07","Medidas","A1","A2","390","central","lesson-first-sentences-a1-10","10","I am one meter seventy tall.","How far is it?","Trocas rotineiras, passado/futuro básico e instruções claras. Preço, telefone e horas como fórmulas concretas A1; idade com passado, datas, agenda e medidas compostas A2."
"Números, Horas e Datas","lesson-numbers-a1-08","Revisão: números no dia a dia","A1","A2","400","central","lesson-first-sentences-a1-10","10","I am thirty years old.","See you at eight sharp.","Trocas rotineiras, passado/futuro básico e instruções claras. Preço, telefone e horas como fórmulas concretas A1; idade com passado, datas, agenda e medidas compostas A2."
"Verbos Modais","lesson-modals-b1-01","Can","B1","A2","410","central","lesson-first-sentences-a1-10","10","I can swim.","I will be able to help tomorrow.","Trocas rotineiras, passado/futuro básico e instruções claras. Habilidade, pedidos e obrigação A2; hábitos hipotéticos B1; modais perfeitos e dedução passada B2."
"Verbos Modais","lesson-modals-b1-02","Could","B1","A2","420","central","lesson-first-sentences-a1-10","10","I could run fast when I was young.","How could you forget?","Trocas rotineiras, passado/futuro básico e instruções claras. Habilidade, pedidos e obrigação A2; hábitos hipotéticos B1; modais perfeitos e dedução passada B2."
"Verbos Modais","lesson-modals-b1-07","Have to","B1","A2","430","central","lesson-first-sentences-a1-10","10","I have to work tomorrow.","You need to sign here.","Trocas rotineiras, passado/futuro básico e instruções claras. Habilidade, pedidos e obrigação A2; hábitos hipotéticos B1; modais perfeitos e dedução passada B2."
"1000 Palavras Essenciais","lesson-1000-words-a1-02","Cores","A1","A2","440","central","lesson-first-sentences-a1-10","20","red","rainbow","Trocas rotineiras, passado/futuro básico e instruções claras. O alvo é a palavra ou expressão lexical isolada; temas abstratos e conectores não equivalem ao vocabulário concreto inicial."
"1000 Palavras Essenciais","lesson-1000-words-a1-08","Corpo humano","A1","A2","450","central","lesson-first-sentences-a1-10","20","head","skin","Trocas rotineiras, passado/futuro básico e instruções claras. O alvo é a palavra ou expressão lexical isolada; temas abstratos e conectores não equivalem ao vocabulário concreto inicial."
"1000 Palavras Essenciais","lesson-1000-words-a1-12","Frutas, legumes e verduras","A1","A2","460","central","lesson-first-sentences-a1-10","20","fruit","corn","Trocas rotineiras, passado/futuro básico e instruções claras. O alvo é a palavra ou expressão lexical isolada; temas abstratos e conectores não equivalem ao vocabulário concreto inicial."
"1000 Palavras Essenciais","lesson-1000-words-a1-13","Bebidas, sabores e mesa","A1","A2","470","central","lesson-first-sentences-a1-10","20","water","knife","Trocas rotineiras, passado/futuro básico e instruções claras. O alvo é a palavra ou expressão lexical isolada; temas abstratos e conectores não equivalem ao vocabulário concreto inicial."
"1000 Palavras Essenciais","lesson-1000-words-a1-16","Clima e natureza","A1","A2","480","central","lesson-first-sentences-a1-10","20","weather","mountain","Trocas rotineiras, passado/futuro básico e instruções claras. O alvo é a palavra ou expressão lexical isolada; temas abstratos e conectores não equivalem ao vocabulário concreto inicial."
"1000 Palavras Essenciais","lesson-1000-words-a1-17","Direções e posições","A1","A2","490","central","lesson-first-sentences-a1-10","20","left","down","Trocas rotineiras, passado/futuro básico e instruções claras. O alvo é a palavra ou expressão lexical isolada; temas abstratos e conectores não equivalem ao vocabulário concreto inicial."
"1000 Palavras Essenciais","lesson-1000-words-a1-19","Emoções e sentimentos","A1","A2","500","central","lesson-first-sentences-a1-10","20","happy","calm","Trocas rotineiras, passado/futuro básico e instruções claras. O alvo é a palavra ou expressão lexical isolada; temas abstratos e conectores não equivalem ao vocabulário concreto inicial."
"1000 Palavras Essenciais","lesson-1000-words-a1-20","Trabalho e profissões","A1","A2","510","central","lesson-first-sentences-a1-10","20","job","unemployed","Trocas rotineiras, passado/futuro básico e instruções claras. O alvo é a palavra ou expressão lexical isolada; temas abstratos e conectores não equivalem ao vocabulário concreto inicial."
"1000 Palavras Essenciais","lesson-1000-words-a1-21","Escola e estudo","A1","A2","520","central","lesson-first-sentences-a1-10","20","school","study","Trocas rotineiras, passado/futuro básico e instruções claras. O alvo é a palavra ou expressão lexical isolada; temas abstratos e conectores não equivalem ao vocabulário concreto inicial."
"1000 Palavras Essenciais","lesson-1000-words-a1-22","Esportes e lazer","A1","A2","530","central","lesson-first-sentences-a1-10","20","soccer","music","Trocas rotineiras, passado/futuro básico e instruções claras. O alvo é a palavra ou expressão lexical isolada; temas abstratos e conectores não equivalem ao vocabulário concreto inicial."
"1000 Palavras Essenciais","lesson-1000-words-a1-23","Formas e tamanhos","A1","A2","540","central","lesson-first-sentences-a1-10","20","big","empty","Trocas rotineiras, passado/futuro básico e instruções claras. O alvo é a palavra ou expressão lexical isolada; temas abstratos e conectores não equivalem ao vocabulário concreto inicial."
"1000 Palavras Essenciais","lesson-1000-words-a1-24","Aparência","A1","A2","550","central","lesson-first-sentences-a1-10","20","beautiful","cute","Trocas rotineiras, passado/futuro básico e instruções claras. O alvo é a palavra ou expressão lexical isolada; temas abstratos e conectores não equivalem ao vocabulário concreto inicial."
"1000 Palavras Essenciais","lesson-1000-words-a1-27","Cozinha e utensílios","A1","A2","560","central","lesson-first-sentences-a1-10","20","kitchen","fry","Trocas rotineiras, passado/futuro básico e instruções claras. O alvo é a palavra ou expressão lexical isolada; temas abstratos e conectores não equivalem ao vocabulário concreto inicial."
"1000 Palavras Essenciais","lesson-1000-words-a1-28","Banheiro e higiene","A1","A2","570","central","lesson-first-sentences-a1-10","20","bathroom","clean","Trocas rotineiras, passado/futuro básico e instruções claras. O alvo é a palavra ou expressão lexical isolada; temas abstratos e conectores não equivalem ao vocabulário concreto inicial."
"1000 Palavras Essenciais","lesson-1000-words-a1-29","Escritório","A1","A2","580","central","lesson-first-sentences-a1-10","20","office","company","Trocas rotineiras, passado/futuro básico e instruções claras. O alvo é a palavra ou expressão lexical isolada; temas abstratos e conectores não equivalem ao vocabulário concreto inicial."
"1000 Palavras Essenciais","lesson-1000-words-a1-30","Tecnologia e internet","A1","A2","590","central","lesson-first-sentences-a1-10","20","phone","camera","Trocas rotineiras, passado/futuro básico e instruções claras. O alvo é a palavra ou expressão lexical isolada; temas abstratos e conectores não equivalem ao vocabulário concreto inicial."
"1000 Palavras Essenciais","lesson-1000-words-a1-31","Dinheiro","A1","A2","600","central","lesson-first-sentences-a1-10","20","money","budget","Trocas rotineiras, passado/futuro básico e instruções claras. O alvo é a palavra ou expressão lexical isolada; temas abstratos e conectores não equivalem ao vocabulário concreto inicial."
"1000 Palavras Essenciais","lesson-1000-words-a1-32","Saúde e sintomas","A1","A2","610","central","lesson-first-sentences-a1-10","20","sick","appointment","Trocas rotineiras, passado/futuro básico e instruções claras. O alvo é a palavra ou expressão lexical isolada; temas abstratos e conectores não equivalem ao vocabulário concreto inicial."
"1000 Palavras Essenciais","lesson-1000-words-a1-33","Música e cinema","A1","A2","620","central","lesson-first-sentences-a1-10","20","music","watch","Trocas rotineiras, passado/futuro básico e instruções claras. O alvo é a palavra ou expressão lexical isolada; temas abstratos e conectores não equivalem ao vocabulário concreto inicial."
"1000 Palavras Essenciais","lesson-1000-words-a1-34","Viagem","A1","A2","630","central","lesson-first-sentences-a1-10","20","trip","backpack","Trocas rotineiras, passado/futuro básico e instruções claras. O alvo é a palavra ou expressão lexical isolada; temas abstratos e conectores não equivalem ao vocabulário concreto inicial."
"1000 Palavras Essenciais","lesson-1000-words-a1-35","Verbos de ação 1: movimento","A1","A2","640","central","lesson-first-sentences-a1-10","20","walk","return","Trocas rotineiras, passado/futuro básico e instruções claras. O alvo é a palavra ou expressão lexical isolada; temas abstratos e conectores não equivalem ao vocabulário concreto inicial."
"1000 Palavras Essenciais","lesson-1000-words-a1-36","Verbos de ação 2: casa e dia a dia","A1","A2","650","central","lesson-first-sentences-a1-10","20","wake","water","Trocas rotineiras, passado/futuro básico e instruções claras. O alvo é a palavra ou expressão lexical isolada; temas abstratos e conectores não equivalem ao vocabulário concreto inicial."
"1000 Palavras Essenciais","lesson-1000-words-a1-39","Adjetivos opostos 2","A1","A2","660","central","lesson-first-sentences-a1-10","20","rich","sad","Trocas rotineiras, passado/futuro básico e instruções claras. O alvo é a palavra ou expressão lexical isolada; temas abstratos e conectores não equivalem ao vocabulário concreto inicial."
"1000 Palavras Essenciais","lesson-1000-words-a1-40","Advérbios de tempo e frequência","A1","A2","670","central","lesson-first-sentences-a1-10","20","always","ago","Trocas rotineiras, passado/futuro básico e instruções claras. O alvo é a palavra ou expressão lexical isolada; temas abstratos e conectores não equivalem ao vocabulário concreto inicial."
"1000 Palavras Essenciais","lesson-1000-words-a1-41","Preposições de lugar e tempo","A1","A2","680","central","lesson-first-sentences-a1-10","20","in","to","Trocas rotineiras, passado/futuro básico e instruções claras. O alvo é a palavra ou expressão lexical isolada; temas abstratos e conectores não equivalem ao vocabulário concreto inicial."
"1000 Palavras Essenciais","lesson-1000-words-a1-43","Palavras de pergunta","A1","A2","690","central","lesson-first-sentences-a1-10","20","what","come","Trocas rotineiras, passado/futuro básico e instruções claras. O alvo é a palavra ou expressão lexical isolada; temas abstratos e conectores não equivalem ao vocabulário concreto inicial."
"1000 Palavras Essenciais","lesson-1000-words-a1-44","Quantidades","A1","A2","700","central","lesson-first-sentences-a1-10","20","some","nothing","Trocas rotineiras, passado/futuro básico e instruções claras. O alvo é a palavra ou expressão lexical isolada; temas abstratos e conectores não equivalem ao vocabulário concreto inicial."
"Sobrevivência","lesson-survival-a2-01","Quando você não entende","A2","A2","710","central","lesson-first-sentences-a1-10","10","Sorry, I didn't understand.","Is there someone who speaks Portuguese?","Trocas rotineiras, passado/futuro básico e instruções claras. Reparação e serviços previsíveis A2; contestação de cobrança e serviços financeiros especializados B1."
"Sobrevivência","lesson-survival-a2-02","Repetir e soletrar","A2","A2","720","central","lesson-first-sentences-a1-10","10","Sorry, can you repeat that?","Thank you for your patience.","Trocas rotineiras, passado/futuro básico e instruções claras. Reparação e serviços previsíveis A2; contestação de cobrança e serviços financeiros especializados B1."
"Sobrevivência","lesson-survival-a2-03","Pedindo ajuda","A2","A2","730","central","lesson-first-sentences-a1-10","10","Excuse me, can you help me?","Sorry to bother you.","Trocas rotineiras, passado/futuro básico e instruções claras. Reparação e serviços previsíveis A2; contestação de cobrança e serviços financeiros especializados B1."
"Sobrevivência","lesson-survival-a2-04","Ao telefone","A2","A2","740","central","lesson-first-sentences-a1-10","10","Hello, can I speak to Mr. Brown?","Thanks for calling.","Trocas rotineiras, passado/futuro básico e instruções claras. Reparação e serviços previsíveis A2; contestação de cobrança e serviços financeiros especializados B1."
"Sobrevivência","lesson-survival-a2-06","Nos correios","A2","A2","750","central","lesson-first-sentences-a1-10","10","I want to send this package to Brazil.","Express or standard?","Trocas rotineiras, passado/futuro básico e instruções claras. Reparação e serviços previsíveis A2; contestação de cobrança e serviços financeiros especializados B1."
"Sobrevivência","lesson-survival-a2-07","Documentos e cadastro","A2","A2","760","central","lesson-first-sentences-a1-10","10","Can I see your ID, please?","Which line should I stand in?","Trocas rotineiras, passado/futuro básico e instruções claras. Reparação e serviços previsíveis A2; contestação de cobrança e serviços financeiros especializados B1."
"Sobrevivência","lesson-survival-a2-08","Perdeu, esqueceu, quebrou","A2","A2","770","central","lesson-first-sentences-a1-10","10","I lost my phone.","What should I do now?","Trocas rotineiras, passado/futuro básico e instruções claras. Reparação e serviços previsíveis A2; contestação de cobrança e serviços financeiros especializados B1."
"Sobrevivência","lesson-survival-a2-09","Moradia e contas","A2","A2","780","central","lesson-first-sentences-a1-10","10","I'm looking for an apartment to rent.","The landlord will call you.","Trocas rotineiras, passado/futuro básico e instruções claras. Reparação e serviços previsíveis A2; contestação de cobrança e serviços financeiros especializados B1."
"Sobrevivência","lesson-survival-a2-10","Revisão: se virando em inglês","A2","A2","790","central","lesson-first-sentences-a1-10","10","Could you speak more slowly?","Thank you for your patience.","Trocas rotineiras, passado/futuro básico e instruções claras. Reparação e serviços previsíveis A2; contestação de cobrança e serviços financeiros especializados B1."
"Rotina e Vida em Casa","lesson-routine-a2-01","Acordar e se arrumar","A2","A2","800","central","lesson-first-sentences-a1-10","10","My alarm goes off at six.","I leave home at seven thirty.","Trocas rotineiras, passado/futuro básico e instruções claras. Rotina concreta no A2; used to e hábitos anteriores ficam após passado e contraste temporal."
"Rotina e Vida em Casa","lesson-routine-a2-02","Tarefas de casa","A2","A2","810","central","lesson-first-sentences-a1-10","10","I do the laundry on Saturdays.","I hate ironing.","Trocas rotineiras, passado/futuro básico e instruções claras. Rotina concreta no A2; used to e hábitos anteriores ficam após passado e contraste temporal."
"Rotina e Vida em Casa","lesson-routine-a2-03","Na cozinha","A2","A2","820","central","lesson-first-sentences-a1-10","10","What's for dinner?","Leftovers are in the fridge.","Trocas rotineiras, passado/futuro básico e instruções claras. Rotina concreta no A2; used to e hábitos anteriores ficam após passado e contraste temporal."
"Rotina e Vida em Casa","lesson-routine-a2-05","Fim de semana","A2","A2","830","central","lesson-first-sentences-a1-10","10","What did you do last weekend?","It went by so fast.","Trocas rotineiras, passado/futuro básico e instruções claras. Rotina concreta no A2; used to e hábitos anteriores ficam após passado e contraste temporal."
"Rotina e Vida em Casa","lesson-routine-a2-06","Planos e agenda","A2","A2","840","central","lesson-first-sentences-a1-10","10","I'm going to visit my grandmother on Sunday.","Maybe next week.","Trocas rotineiras, passado/futuro básico e instruções claras. Rotina concreta no A2; used to e hábitos anteriores ficam após passado e contraste temporal."
"Compras sem Mistério","lesson-shopping-a2-01","No supermercado","A2","A2","850","central","lesson-first-sentences-a1-10","10","Excuse me, where can I find the rice?","I forgot my shopping list.","Trocas rotineiras, passado/futuro básico e instruções claras. Transações de compra no A2; reclamações com passiva/perfect exigem repertório intermediário."
"Compras sem Mistério","lesson-shopping-a2-02","Roupas e provador","A2","A2","860","central","lesson-first-sentences-a1-10","10","I'm looking for a winter jacket.","I'll take the black one.","Trocas rotineiras, passado/futuro básico e instruções claras. Transações de compra no A2; reclamações com passiva/perfect exigem repertório intermediário."
"Compras sem Mistério","lesson-shopping-a2-03","Pagamento","A2","A2","870","central","lesson-first-sentences-a1-10","10","How would you like to pay?","The total is forty-two fifty.","Trocas rotineiras, passado/futuro básico e instruções claras. Transações de compra no A2; reclamações com passiva/perfect exigem repertório intermediário."
"Saúde e Bem-estar","lesson-health-a2-01","Marcando consulta","A2","A2","880","central","lesson-first-sentences-a1-10","10","I'd like to make an appointment.","The doctor will see you now.","Trocas rotineiras, passado/futuro básico e instruções claras. Pedidos e instruções de saúde são fórmulas A2; duração de sintomas, idiomatismos e internação/passiva exigem B1."
"Saúde e Bem-estar","lesson-health-a2-03","Exames, receita e tratamento","A2","A2","890","central","lesson-first-sentences-a1-10","10","I'm going to prescribe some medicine.","Is it serious?","Trocas rotineiras, passado/futuro básico e instruções claras. Pedidos e instruções de saúde são fórmulas A2; duração de sintomas, idiomatismos e internação/passiva exigem B1."
"Saúde e Bem-estar","lesson-health-a2-04","No dentista","A2","A2","900","central","lesson-first-sentences-a1-10","10","I have a toothache.","Don't eat for two hours.","Trocas rotineiras, passado/futuro básico e instruções claras. Pedidos e instruções de saúde são fórmulas A2; duração de sintomas, idiomatismos e internação/passiva exigem B1."
"Vida Social","lesson-social-a2-02","Convites","A2","A2","910","central","lesson-first-sentences-a1-10","10","Would you like to come to my party?","Let me check and I'll let you know.","Trocas rotineiras, passado/futuro básico e instruções claras. Convites e agradecimentos previsíveis são A2; experiências no perfect, opiniões e reparação diplomática vêm depois."
"Vida Social","lesson-social-a2-04","Elogios e agradecimentos","A2","A2","920","central","lesson-first-sentences-a1-10","10","I love your shoes!","My pleasure.","Trocas rotineiras, passado/futuro básico e instruções claras. Convites e agradecimentos previsíveis são A2; experiências no perfect, opiniões e reparação diplomática vêm depois."
"Viagem sem Aperto","lesson-travel-a2-01","No aeroporto","A2","A2","930","central","lesson-first-sentences-a1-10","10","I'd like to check in, please.","Where do I pick up my luggage?","Trocas rotineiras, passado/futuro básico e instruções claras. Transações previsíveis com fórmulas; perfect, passivas e vocabulário de bar exigem consolidação intermediária."
"Viagem sem Aperto","lesson-travel-a2-02","No hotel","A2","A2","940","central","lesson-first-sentences-a1-10","10","I have a reservation under Silva.","Thanks, everything was great.","Trocas rotineiras, passado/futuro básico e instruções claras. Transações previsíveis com fórmulas; perfect, passivas e vocabulário de bar exigem consolidação intermediária."
"Viagem sem Aperto","lesson-travel-a2-03","Transporte na cidade","A2","A2","950","central","lesson-first-sentences-a1-10","10","How do I get to the station?","Could you turn on the AC?","Trocas rotineiras, passado/futuro básico e instruções claras. Transações previsíveis com fórmulas; perfect, passivas e vocabulário de bar exigem consolidação intermediária."
"Viagem sem Aperto","lesson-travel-a2-04","Restaurante: reserva e mesa","A2","A2","960","central","lesson-first-sentences-a1-10","12","I'd like to make a reservation for tonight.","Sorry, we're fully booked tonight.","Trocas rotineiras, passado/futuro básico e instruções claras. Transações previsíveis com fórmulas; perfect, passivas e vocabulário de bar exigem consolidação intermediária."
"Viagem sem Aperto","lesson-travel-a2-05","Restaurante: fazendo o pedido","A2","A2","970","central","lesson-first-sentences-a1-10","12","Can I see the menu, please?","That's all for now, thanks.","Trocas rotineiras, passado/futuro básico e instruções claras. Transações previsíveis com fórmulas; perfect, passivas e vocabulário de bar exigem consolidação intermediária."
"Viagem sem Aperto","lesson-travel-a2-07","Restaurante: conta e gorjeta","A2","A2","980","central","lesson-first-sentences-a1-10","12","Can we have the check, please?","Everything was delicious, thank you.","Trocas rotineiras, passado/futuro básico e instruções claras. Transações previsíveis com fórmulas; perfect, passivas e vocabulário de bar exigem consolidação intermediária."
"Viagem sem Aperto","lesson-travel-a2-08","Café e padaria","A2","A2","990","central","lesson-first-sentences-a1-10","10","Can I get a large coffee?","What's the wifi password?","Trocas rotineiras, passado/futuro básico e instruções claras. Transações previsíveis com fórmulas; perfect, passivas e vocabulário de bar exigem consolidação intermediária."
"Viagem sem Aperto","lesson-travel-a2-10","Pedindo direções","A2","A2","1000","central","lesson-first-sentences-a1-10","10","Excuse me, how do I get to the station?","I think I'm lost.","Trocas rotineiras, passado/futuro básico e instruções claras. Transações previsíveis com fórmulas; perfect, passivas e vocabulário de bar exigem consolidação intermediária."
"Viagem sem Aperto","lesson-travel-a2-11","Emergências","A2","A2","1010","central","lesson-first-sentences-a1-10","10","Help! Call an ambulance!","I need to contact my embassy.","Trocas rotineiras, passado/futuro básico e instruções claras. Transações previsíveis com fórmulas; perfect, passivas e vocabulário de bar exigem consolidação intermediária."
"Viagem sem Aperto","lesson-travel-a2-12","Segurança e embarque","A2","A2","1020","central","lesson-first-sentences-a1-10","10","Please put your bag on the belt.","Is this the line for Lisbon?","Trocas rotineiras, passado/futuro básico e instruções claras. Transações previsíveis com fórmulas; perfect, passivas e vocabulário de bar exigem consolidação intermediária."
"Viagem sem Aperto","lesson-travel-a2-13","No avião","A2","A2","1030","central","lesson-first-sentences-a1-10","10","I think you're in my seat.","Please keep your seat belt on.","Trocas rotineiras, passado/futuro básico e instruções claras. Transações previsíveis com fórmulas; perfect, passivas e vocabulário de bar exigem consolidação intermediária."
"Viagem sem Aperto","lesson-travel-a2-14","Imigração e alfândega","A2","A2","1040","central","lesson-first-sentences-a1-10","10","What is the purpose of your visit?","Can I see your return ticket?","Trocas rotineiras, passado/futuro básico e instruções claras. Transações previsíveis com fórmulas; perfect, passivas e vocabulário de bar exigem consolidação intermediária."
"Viagem sem Aperto","lesson-travel-a2-15","Bagagem extraviada e atrasos","A2","A2","1050","central","lesson-first-sentences-a1-10","10","My suitcase didn't arrive.","Can I get a meal voucher?","Trocas rotineiras, passado/futuro básico e instruções claras. Transações previsíveis com fórmulas; perfect, passivas e vocabulário de bar exigem consolidação intermediária."
"Viagem sem Aperto","lesson-travel-a2-16","Táxi e aplicativo","A2","A2","1060","central","lesson-first-sentences-a1-10","10","I'm waiting at the main entrance.","I left my phone in the car.","Trocas rotineiras, passado/futuro básico e instruções claras. Transações previsíveis com fórmulas; perfect, passivas e vocabulário de bar exigem consolidação intermediária."
"Viagem sem Aperto","lesson-travel-a2-17","Trem e ônibus entre cidades","A2","A2","1070","central","lesson-first-sentences-a1-10","10","A round trip ticket to Boston, please.","Please tell me when to get off.","Trocas rotineiras, passado/futuro básico e instruções claras. Transações previsíveis com fórmulas; perfect, passivas e vocabulário de bar exigem consolidação intermediária."
"Viagem sem Aperto","lesson-travel-a2-18","Alugando um carro","A2","A2","1080","central","lesson-first-sentences-a1-10","10","I have a car reservation.","Where do I park?","Trocas rotineiras, passado/futuro básico e instruções claras. Transações previsíveis com fórmulas; perfect, passivas e vocabulário de bar exigem consolidação intermediária."
"Viagem sem Aperto","lesson-travel-a2-19","Compras e souvenirs","A2","A2","1090","central","lesson-first-sentences-a1-10","10","I'm just looking, thanks.","Can I return it if it does not fit?","Trocas rotineiras, passado/futuro básico e instruções claras. Transações previsíveis com fórmulas; perfect, passivas e vocabulário de bar exigem consolidação intermediária."
"Viagem sem Aperto","lesson-travel-a2-21","Hotel: serviços e problemas","A2","A2","1100","central","lesson-first-sentences-a1-10","10","My key card doesn't work.","Please do not disturb.","Trocas rotineiras, passado/futuro básico e instruções claras. Transações previsíveis com fórmulas; perfect, passivas e vocabulário de bar exigem consolidação intermediária."
"Viagem sem Aperto","lesson-travel-a2-22","Hotel: check-out e conta","A2","A2","1110","central","lesson-first-sentences-a1-10","10","I'd like to check out.","How was your stay?","Trocas rotineiras, passado/futuro básico e instruções claras. Transações previsíveis com fórmulas; perfect, passivas e vocabulário de bar exigem consolidação intermediária."
"Viagem sem Aperto","lesson-travel-a2-23","Airbnb e anfitrião","A2","A2","1120","central","lesson-first-sentences-a1-10","10","What time can we arrive?","Thanks for having us.","Trocas rotineiras, passado/futuro básico e instruções claras. Transações previsíveis com fórmulas; perfect, passivas e vocabulário de bar exigem consolidação intermediária."
"Viagem sem Aperto","lesson-travel-a2-25","Passeios e ingressos","A2","A2","1130","central","lesson-first-sentences-a1-10","10","Two tickets for the museum, please.","Is it open on Mondays?","Trocas rotineiras, passado/futuro básico e instruções claras. Transações previsíveis com fórmulas; perfect, passivas e vocabulário de bar exigem consolidação intermediária."
"Viagem sem Aperto","lesson-travel-a2-26","Praia e piscina","A2","A2","1140","central","lesson-first-sentences-a1-10","10","How much is it to rent an umbrella?","Let's watch the sunset.","Trocas rotineiras, passado/futuro básico e instruções claras. Transações previsíveis com fórmulas; perfect, passivas e vocabulário de bar exigem consolidação intermediária."
"Colocações Naturais","lesson-collocations-b2-02","Take, have e get","B2","A2","1150","central","lesson-first-sentences-a1-10","10","I usually take a shower in the morning.","Did you get my message?","Trocas rotineiras, passado/futuro básico e instruções claras. Combinações concretas frequentes A2; colocação e contraste de uso B1; precisão, metáfora e registro B2."
"Fala Conectada","lesson-connected-b2-05","Ligação entre palavras","B2","A2","1160","central","lesson-first-sentences-a1-10","10","Pick it up and put it on the table.","Put on a warm jacket.","Trocas rotineiras, passado/futuro básico e instruções claras. Ligação básica A2 e reduções frequentes B1; modais perfeitos, variedade regional e contrações múltiplas B2. Fora da trilha até aceite do áudio."
"Tempos Verbais em Uso","lesson-tenses-b1-03","Present perfect × passado simples","B1","B1","1170","central","lesson-tenses-b1-02","10","I've been to London.","Did you see the game last night?","Informação factual, narrativa e relações temporais explícitas. Contrastes básicos no A2; perfect, narrativa e reporte no B1; contrafactuais passados, dedução passada e passivas compostas no B2."
"Tempos Verbais em Uso","lesson-tenses-b1-04","Present perfect contínuo","B1","B1","1180","central","lesson-tenses-b1-02","10","I've been studying English for two years.","I've been reading the book.","Informação factual, narrativa e relações temporais explícitas. Contrastes básicos no A2; perfect, narrativa e reporte no B1; contrafactuais passados, dedução passada e passivas compostas no B2."
"Tempos Verbais em Uso","lesson-tenses-b1-06","Past perfect","B1","B1","1190","central","lesson-tenses-b1-02","10","When I arrived, the movie had started.","After she had eaten, she went to bed.","Informação factual, narrativa e relações temporais explícitas. Contrastes básicos no A2; perfect, narrativa e reporte no B1; contrafactuais passados, dedução passada e passivas compostas no B2."
"Tempos Verbais em Uso","lesson-tenses-b1-07","Condicional zero e primeira","B1","B1","1200","central","lesson-tenses-b1-02","10","If you heat ice, it melts.","If the train is late, we might miss the show.","Informação factual, narrativa e relações temporais explícitas. Contrastes básicos no A2; perfect, narrativa e reporte no B1; contrafactuais passados, dedução passada e passivas compostas no B2."
"Tempos Verbais em Uso","lesson-tenses-b1-08","Segunda condicional","B1","B1","1210","central","lesson-tenses-b1-02","10","If I had more money, I would travel more.","If I could live anywhere, I would choose Lisbon.","Informação factual, narrativa e relações temporais explícitas. Contrastes básicos no A2; perfect, narrativa e reporte no B1; contrafactuais passados, dedução passada e passivas compostas no B2."
"Preposições e Conectores","lesson-prepositions-b1-04","Adjetivo + preposição","B1","B1","1220","central","lesson-tenses-b1-02","10","I'm interested in art.","He's famous for his music.","Informação factual, narrativa e relações temporais explícitas. Lugar concreto é A1; tempo e combinações frequentes A2; contraste discursivo e concessão vêm depois."
"Preposições e Conectores","lesson-prepositions-b1-06","Causa, consequência e sequência","B1","B1","1230","central","lesson-tenses-b1-02","10","I stayed home because I was sick.","Finally, you're done.","Informação factual, narrativa e relações temporais explícitas. Lugar concreto é A1; tempo e combinações frequentes A2; contraste discursivo e concessão vêm depois."
"Tempos Verbais em Uso","lesson-tenses-b1-10","Voz passiva: presente e passado","B1","B1","1240","central","lesson-tenses-b1-02","10","English is spoken all over the world.","Were you invited to the party?","Informação factual, narrativa e relações temporais explícitas. Contrastes básicos no A2; perfect, narrativa e reporte no B1; contrafactuais passados, dedução passada e passivas compostas no B2."
"Tempos Verbais em Uso","lesson-tenses-b1-12","Discurso indireto: afirmações","B1","B1","1250","central","lesson-tenses-b1-02","10","She said she was tired.","She said she had seen the movie the day before.","Informação factual, narrativa e relações temporais explícitas. Contrastes básicos no A2; perfect, narrativa e reporte no B1; contrafactuais passados, dedução passada e passivas compostas no B2."
"Tempos Verbais em Uso","lesson-tenses-b1-13","Discurso indireto: perguntas e pedidos","B1","B1","1260","central","lesson-tenses-b1-02","10","She asked me where I lived.","I don't know what he wants.","Informação factual, narrativa e relações temporais explícitas. Contrastes básicos no A2; perfect, narrativa e reporte no B1; contrafactuais passados, dedução passada e passivas compostas no B2."
"Tempos Verbais em Uso","lesson-tenses-b1-14","Dedução no presente","B1","B1","1270","central","lesson-tenses-b1-02","10","She must be tired.","The keys might be in the car.","Informação factual, narrativa e relações temporais explícitas. Contrastes básicos no A2; perfect, narrativa e reporte no B1; contrafactuais passados, dedução passada e passivas compostas no B2."
"Verbos Modais","lesson-modals-b1-06","Would","B1","B1","1280","central","lesson-tenses-b1-02","10","Would you like some coffee?","It would be great to see you.","Informação factual, narrativa e relações temporais explícitas. Habilidade, pedidos e obrigação A2; hábitos hipotéticos B1; modais perfeitos e dedução passada B2."
"Verbos Essenciais","lesson-essential-verbs-a1-01","be e have","A1","B1","1290","central","lesson-tenses-b1-02 | lesson-tenses-b1-03","8","I am a teacher.","I have had this car for years.","Informação factual, narrativa e relações temporais explícitas. Cada aula combina tempos; perfect, duração, sentidos figurados e complementos exigem estudo prévio dos tempos, mesmo com verbos frequentes."
"Verbos Essenciais","lesson-essential-verbs-a1-02","do e say","A1","B1","1300","central","lesson-tenses-b1-02 | lesson-tenses-b1-03","8","I do my homework at night.","I have said it many times.","Informação factual, narrativa e relações temporais explícitas. Cada aula combina tempos; perfect, duração, sentidos figurados e complementos exigem estudo prévio dos tempos, mesmo com verbos frequentes."
"Verbos Essenciais","lesson-essential-verbs-a1-03","go e get","A1","B1","1310","central","lesson-tenses-b1-02 | lesson-tenses-b1-03","8","I go to work by bus.","Have you gotten my message?","Informação factual, narrativa e relações temporais explícitas. Cada aula combina tempos; perfect, duração, sentidos figurados e complementos exigem estudo prévio dos tempos, mesmo com verbos frequentes."
"Verbos Essenciais","lesson-essential-verbs-a1-04","make e know","A1","B1","1320","central","lesson-tenses-b1-02 | lesson-tenses-b1-03","8","My mother makes great coffee.","I have known him for ten years.","Informação factual, narrativa e relações temporais explícitas. Cada aula combina tempos; perfect, duração, sentidos figurados e complementos exigem estudo prévio dos tempos, mesmo com verbos frequentes."
"Verbos Essenciais","lesson-essential-verbs-a1-05","think e take","A1","B1","1330","central","lesson-tenses-b1-02 | lesson-tenses-b1-03","8","I think you're right.","Someone has taken my pen.","Informação factual, narrativa e relações temporais explícitas. Cada aula combina tempos; perfect, duração, sentidos figurados e complementos exigem estudo prévio dos tempos, mesmo com verbos frequentes."
"Verbos Essenciais","lesson-essential-verbs-a1-06","Revisão: as três formas","A1","B1","1340","central","lesson-tenses-b1-02 | lesson-tenses-b1-03","10","be was been","take took taken","Informação factual, narrativa e relações temporais explícitas. Cada aula combina tempos; perfect, duração, sentidos figurados e complementos exigem estudo prévio dos tempos, mesmo com verbos frequentes."
"Verbos Essenciais","lesson-essential-verbs-a1-07","see e come","A1","B1","1350","central","lesson-tenses-b1-02 | lesson-tenses-b1-03","8","I see my parents every Sunday.","Spring has come early this year.","Informação factual, narrativa e relações temporais explícitas. Cada aula combina tempos; perfect, duração, sentidos figurados e complementos exigem estudo prévio dos tempos, mesmo com verbos frequentes."
"Verbos Essenciais","lesson-essential-verbs-a1-08","want e look","A1","B1","1360","central","lesson-tenses-b1-02 | lesson-tenses-b1-03","8","I want a new job.","I've looked everywhere.","Informação factual, narrativa e relações temporais explícitas. Cada aula combina tempos; perfect, duração, sentidos figurados e complementos exigem estudo prévio dos tempos, mesmo com verbos frequentes."
"Verbos Essenciais","lesson-essential-verbs-a1-09","use e find","A1","B1","1370","central","lesson-tenses-b1-02 | lesson-tenses-b1-03","8","I use my phone for everything.","Have you found a place to stay?","Informação factual, narrativa e relações temporais explícitas. Cada aula combina tempos; perfect, duração, sentidos figurados e complementos exigem estudo prévio dos tempos, mesmo com verbos frequentes."
"Verbos Essenciais","lesson-essential-verbs-a1-10","give e tell","A1","B1","1380","central","lesson-tenses-b1-02 | lesson-tenses-b1-03","8","My parents give me advice.","Have you told your boss?","Informação factual, narrativa e relações temporais explícitas. Cada aula combina tempos; perfect, duração, sentidos figurados e complementos exigem estudo prévio dos tempos, mesmo com verbos frequentes."
"Verbos Essenciais","lesson-essential-verbs-a1-11","work e call","A1","B1","1390","central","lesson-tenses-b1-02 | lesson-tenses-b1-03","8","I work from home on Fridays.","Has anyone called?","Informação factual, narrativa e relações temporais explícitas. Cada aula combina tempos; perfect, duração, sentidos figurados e complementos exigem estudo prévio dos tempos, mesmo com verbos frequentes."
"Verbos Essenciais","lesson-essential-verbs-a1-12","Revisão: módulo 2","A1","B1","1400","central","lesson-tenses-b1-02 | lesson-tenses-b1-03","10","see saw seen","call called called","Informação factual, narrativa e relações temporais explícitas. Cada aula combina tempos; perfect, duração, sentidos figurados e complementos exigem estudo prévio dos tempos, mesmo com verbos frequentes."
"Verbos Essenciais","lesson-essential-verbs-a1-13","try e ask","A1","B1","1410","central","lesson-tenses-b1-02 | lesson-tenses-b1-03","8","I try to read every day.","Nobody has asked me that before.","Informação factual, narrativa e relações temporais explícitas. Cada aula combina tempos; perfect, duração, sentidos figurados e complementos exigem estudo prévio dos tempos, mesmo com verbos frequentes."
"Verbos Essenciais","lesson-essential-verbs-a1-14","need e feel","A1","B1","1420","central","lesson-tenses-b1-02 | lesson-tenses-b1-03","8","I need a break.","Have you ever felt this way?","Informação factual, narrativa e relações temporais explícitas. Cada aula combina tempos; perfect, duração, sentidos figurados e complementos exigem estudo prévio dos tempos, mesmo com verbos frequentes."
"Verbos Essenciais","lesson-essential-verbs-a1-15","become e leave","A1","B1","1430","central","lesson-tenses-b1-02 | lesson-tenses-b1-03","8","It becomes cold in the evening.","Has the train left yet?","Informação factual, narrativa e relações temporais explícitas. Cada aula combina tempos; perfect, duração, sentidos figurados e complementos exigem estudo prévio dos tempos, mesmo com verbos frequentes."
"Verbos Essenciais","lesson-essential-verbs-a1-16","put e mean","A1","B1","1440","central","lesson-tenses-b1-02 | lesson-tenses-b1-03","8","Put your phone on the table.","I've always meant to learn guitar.","Informação factual, narrativa e relações temporais explícitas. Cada aula combina tempos; perfect, duração, sentidos figurados e complementos exigem estudo prévio dos tempos, mesmo com verbos frequentes."
"Verbos Essenciais","lesson-essential-verbs-a1-17","keep e let","A1","B1","1450","central","lesson-tenses-b1-02 | lesson-tenses-b1-03","8","Keep the change.","Let's go.","Informação factual, narrativa e relações temporais explícitas. Cada aula combina tempos; perfect, duração, sentidos figurados e complementos exigem estudo prévio dos tempos, mesmo com verbos frequentes."
"Verbos Essenciais","lesson-essential-verbs-a1-18","Revisão: módulo 3","A1","B1","1460","central","lesson-tenses-b1-02 | lesson-tenses-b1-03","10","try tried tried","let let let","Informação factual, narrativa e relações temporais explícitas. Cada aula combina tempos; perfect, duração, sentidos figurados e complementos exigem estudo prévio dos tempos, mesmo com verbos frequentes."
"Verbos Essenciais","lesson-essential-verbs-a1-19","begin e seem","A1","B1","1470","central","lesson-tenses-b1-02 | lesson-tenses-b1-03","8","The class begins at nine.","Things have seemed calm lately.","Informação factual, narrativa e relações temporais explícitas. Cada aula combina tempos; perfect, duração, sentidos figurados e complementos exigem estudo prévio dos tempos, mesmo com verbos frequentes."
"Verbos Essenciais","lesson-essential-verbs-a1-20","help e talk","A1","B1","1480","central","lesson-tenses-b1-02 | lesson-tenses-b1-03","8","Can you help me?","We haven't talked in years.","Informação factual, narrativa e relações temporais explícitas. Cada aula combina tempos; perfect, duração, sentidos figurados e complementos exigem estudo prévio dos tempos, mesmo com verbos frequentes."
"Verbos Essenciais","lesson-essential-verbs-a1-21","turn e start","A1","B1","1490","central","lesson-tenses-b1-02 | lesson-tenses-b1-03","8","Turn left at the corner.","Have you started the new book?","Informação factual, narrativa e relações temporais explícitas. Cada aula combina tempos; perfect, duração, sentidos figurados e complementos exigem estudo prévio dos tempos, mesmo com verbos frequentes."
"Verbos Essenciais","lesson-essential-verbs-a1-22","show e hear","A1","B1","1500","central","lesson-tenses-b1-02 | lesson-tenses-b1-03","8","Show me your ticket, please.","Have you heard the news?","Informação factual, narrativa e relações temporais explícitas. Cada aula combina tempos; perfect, duração, sentidos figurados e complementos exigem estudo prévio dos tempos, mesmo com verbos frequentes."
"Verbos Essenciais","lesson-essential-verbs-a1-23","play e run","A1","B1","1510","central","lesson-tenses-b1-02 | lesson-tenses-b1-03","8","My kids play soccer on Saturdays.","We have run out of milk.","Informação factual, narrativa e relações temporais explícitas. Cada aula combina tempos; perfect, duração, sentidos figurados e complementos exigem estudo prévio dos tempos, mesmo com verbos frequentes."
"Verbos Essenciais","lesson-essential-verbs-a1-24","Revisão: módulo 4","A1","B1","1520","central","lesson-tenses-b1-02 | lesson-tenses-b1-03","10","begin began begun","run ran run","Informação factual, narrativa e relações temporais explícitas. Cada aula combina tempos; perfect, duração, sentidos figurados e complementos exigem estudo prévio dos tempos, mesmo com verbos frequentes."
"1000 Palavras Essenciais","lesson-1000-words-a1-25","Personalidade","A1","B1","1530","central","lesson-tenses-b1-02","20","friendly","nice","Informação factual, narrativa e relações temporais explícitas. O alvo é a palavra ou expressão lexical isolada; temas abstratos e conectores não equivalem ao vocabulário concreto inicial."
"Verbos Essenciais","lesson-essential-verbs-a1-25","move e like","A1","B1","1540","central","lesson-tenses-b1-02 | lesson-tenses-b1-03","8","We move to a new apartment next month.","I've always liked Italian food.","Informação factual, narrativa e relações temporais explícitas. Cada aula combina tempos; perfect, duração, sentidos figurados e complementos exigem estudo prévio dos tempos, mesmo com verbos frequentes."
"Verbos Essenciais","lesson-essential-verbs-a1-26","live e believe","A1","B1","1550","central","lesson-tenses-b1-02 | lesson-tenses-b1-03","8","I live near the beach.","I've never believed in luck.","Informação factual, narrativa e relações temporais explícitas. Cada aula combina tempos; perfect, duração, sentidos figurados e complementos exigem estudo prévio dos tempos, mesmo com verbos frequentes."
"Verbos Essenciais","lesson-essential-verbs-a1-27","hold e bring","A1","B1","1560","central","lesson-tenses-b1-02 | lesson-tenses-b1-03","8","Hold my bag, please.","Have you brought your laptop?","Informação factual, narrativa e relações temporais explícitas. Cada aula combina tempos; perfect, duração, sentidos figurados e complementos exigem estudo prévio dos tempos, mesmo com verbos frequentes."
"Verbos Essenciais","lesson-essential-verbs-a1-28","happen e write","A1","B1","1570","central","lesson-tenses-b1-02 | lesson-tenses-b1-03","8","What happens next?","He has written three books.","Informação factual, narrativa e relações temporais explícitas. Cada aula combina tempos; perfect, duração, sentidos figurados e complementos exigem estudo prévio dos tempos, mesmo com verbos frequentes."
"Verbos Essenciais","lesson-essential-verbs-a1-29","sit e stand","A1","B1","1580","central","lesson-tenses-b1-02 | lesson-tenses-b1-03","8","Please sit down.","The building has stood here for a century.","Informação factual, narrativa e relações temporais explícitas. Cada aula combina tempos; perfect, duração, sentidos figurados e complementos exigem estudo prévio dos tempos, mesmo com verbos frequentes."
"Verbos Essenciais","lesson-essential-verbs-a1-30","Revisão: módulo 5","A1","B1","1590","central","lesson-tenses-b1-02 | lesson-tenses-b1-03","10","move moved moved","stand stood stood","Informação factual, narrativa e relações temporais explícitas. Cada aula combina tempos; perfect, duração, sentidos figurados e complementos exigem estudo prévio dos tempos, mesmo com verbos frequentes."
"Verbos Essenciais","lesson-essential-verbs-a1-31","lose e pay","A1","B1","1600","central","lesson-tenses-b1-02 | lesson-tenses-b1-03","8","I always lose my keys.","Have you paid the bill?","Informação factual, narrativa e relações temporais explícitas. Cada aula combina tempos; perfect, duração, sentidos figurados e complementos exigem estudo prévio dos tempos, mesmo com verbos frequentes."
"Verbos Essenciais","lesson-essential-verbs-a1-32","meet e include","A1","B1","1610","central","lesson-tenses-b1-02 | lesson-tenses-b1-03","8","We meet every Friday.","I've included the report in the email.","Informação factual, narrativa e relações temporais explícitas. Cada aula combina tempos; perfect, duração, sentidos figurados e complementos exigem estudo prévio dos tempos, mesmo com verbos frequentes."
"Verbos Essenciais","lesson-essential-verbs-a1-33","continue e learn","A1","B1","1620","central","lesson-tenses-b1-02 | lesson-tenses-b1-03","8","The road continues for miles.","I've learned a lot this year.","Informação factual, narrativa e relações temporais explícitas. Cada aula combina tempos; perfect, duração, sentidos figurados e complementos exigem estudo prévio dos tempos, mesmo com verbos frequentes."
"Verbos Essenciais","lesson-essential-verbs-a1-34","change e understand","A1","B1","1630","central","lesson-tenses-b1-02 | lesson-tenses-b1-03","8","I change my password every month.","Have you understood the rules?","Informação factual, narrativa e relações temporais explícitas. Cada aula combina tempos; perfect, duração, sentidos figurados e complementos exigem estudo prévio dos tempos, mesmo com verbos frequentes."
"Verbos Essenciais","lesson-essential-verbs-a1-35","lead e set","A1","B1","1640","central","lesson-tenses-b1-02 | lesson-tenses-b1-03","8","She leads a team of ten.","Have you set a date for the wedding?","Informação factual, narrativa e relações temporais explícitas. Cada aula combina tempos; perfect, duração, sentidos figurados e complementos exigem estudo prévio dos tempos, mesmo com verbos frequentes."
"Verbos Essenciais","lesson-essential-verbs-a1-36","Revisão: módulo 6","A1","B1","1650","central","lesson-tenses-b1-02 | lesson-tenses-b1-03","10","lose lost lost","understand understood understood","Informação factual, narrativa e relações temporais explícitas. Cada aula combina tempos; perfect, duração, sentidos figurados e complementos exigem estudo prévio dos tempos, mesmo com verbos frequentes."
"1000 Palavras Essenciais","lesson-1000-words-a1-37","Verbos de ação 3: comunicação e mente","A1","B1","1660","central","lesson-tenses-b1-02","20","say","promise","Informação factual, narrativa e relações temporais explícitas. O alvo é a palavra ou expressão lexical isolada; temas abstratos e conectores não equivalem ao vocabulário concreto inicial."
"Verbos Essenciais","lesson-essential-verbs-a1-37","watch e follow","A1","B1","1670","central","lesson-tenses-b1-02 | lesson-tenses-b1-03","8","I watch the news every night.","She has followed this band for years.","Informação factual, narrativa e relações temporais explícitas. Cada aula combina tempos; perfect, duração, sentidos figurados e complementos exigem estudo prévio dos tempos, mesmo com verbos frequentes."
"Verbos Essenciais","lesson-essential-verbs-a1-38","stop e create","A1","B1","1680","central","lesson-tenses-b1-02 | lesson-tenses-b1-03","8","The bus stops here.","The company has created many jobs.","Informação factual, narrativa e relações temporais explícitas. Cada aula combina tempos; perfect, duração, sentidos figurados e complementos exigem estudo prévio dos tempos, mesmo com verbos frequentes."
"Verbos Essenciais","lesson-essential-verbs-a1-39","speak e read","A1","B1","1690","central","lesson-tenses-b1-02 | lesson-tenses-b1-03","8","She speaks three languages.","Have you read the news?","Informação factual, narrativa e relações temporais explícitas. Cada aula combina tempos; perfect, duração, sentidos figurados e complementos exigem estudo prévio dos tempos, mesmo com verbos frequentes."
"Verbos Essenciais","lesson-essential-verbs-a1-40","spend e grow","A1","B1","1700","central","lesson-tenses-b1-02 | lesson-tenses-b1-03","8","I spend too much money on coffee.","Your kids have grown so much!","Informação factual, narrativa e relações temporais explícitas. Cada aula combina tempos; perfect, duração, sentidos figurados e complementos exigem estudo prévio dos tempos, mesmo com verbos frequentes."
"Verbos Essenciais","lesson-essential-verbs-a1-41","open e walk","A1","B1","1710","central","lesson-tenses-b1-02 | lesson-tenses-b1-03","8","The bank opens at ten.","I've walked ten thousand steps today.","Informação factual, narrativa e relações temporais explícitas. Cada aula combina tempos; perfect, duração, sentidos figurados e complementos exigem estudo prévio dos tempos, mesmo com verbos frequentes."
"1000 Palavras Essenciais","lesson-1000-words-a1-42","Conectores","A1","B1","1720","central","lesson-tenses-b1-02","20","and","though","Informação factual, narrativa e relações temporais explícitas. O alvo é a palavra ou expressão lexical isolada; temas abstratos e conectores não equivalem ao vocabulário concreto inicial."
"Verbos Essenciais","lesson-essential-verbs-a1-42","Revisão: módulo 7","A1","B1","1730","central","lesson-tenses-b1-02 | lesson-tenses-b1-03","10","watch watched watched","walk walked walked","Informação factual, narrativa e relações temporais explícitas. Cada aula combina tempos; perfect, duração, sentidos figurados e complementos exigem estudo prévio dos tempos, mesmo com verbos frequentes."
"Verbos Essenciais","lesson-essential-verbs-a1-43","win e teach","A1","B1","1740","central","lesson-tenses-b1-02 | lesson-tenses-b1-03","8","Our team always wins at home.","She has taught here for twenty years.","Informação factual, narrativa e relações temporais explícitas. Cada aula combina tempos; perfect, duração, sentidos figurados e complementos exigem estudo prévio dos tempos, mesmo com verbos frequentes."
"Verbos Essenciais","lesson-essential-verbs-a1-44","offer e remember","A1","B1","1750","central","lesson-tenses-b1-02 | lesson-tenses-b1-03","8","The hotel offers free breakfast.","Have you remembered to lock the door?","Informação factual, narrativa e relações temporais explícitas. Cada aula combina tempos; perfect, duração, sentidos figurados e complementos exigem estudo prévio dos tempos, mesmo com verbos frequentes."
"Verbos Essenciais","lesson-essential-verbs-a1-45","love e consider","A1","B1","1760","central","lesson-tenses-b1-02 | lesson-tenses-b1-03","8","I love this city.","Have you considered moving abroad?","Informação factual, narrativa e relações temporais explícitas. Cada aula combina tempos; perfect, duração, sentidos figurados e complementos exigem estudo prévio dos tempos, mesmo com verbos frequentes."
"Verbos Essenciais","lesson-essential-verbs-a1-46","appear e buy","A1","B1","1770","central","lesson-tenses-b1-02 | lesson-tenses-b1-03","8","He appears in many movies.","I've already bought the tickets.","Informação factual, narrativa e relações temporais explícitas. Cada aula combina tempos; perfect, duração, sentidos figurados e complementos exigem estudo prévio dos tempos, mesmo com verbos frequentes."
"Verbos Essenciais","lesson-essential-verbs-a1-47","wait e serve","A1","B1","1780","central","lesson-tenses-b1-02 | lesson-tenses-b1-03","8","I wait for the bus every morning.","He has served in the army.","Informação factual, narrativa e relações temporais explícitas. Cada aula combina tempos; perfect, duração, sentidos figurados e complementos exigem estudo prévio dos tempos, mesmo com verbos frequentes."
"Verbos Essenciais","lesson-essential-verbs-a1-48","Revisão: módulo 8","A1","B1","1790","central","lesson-tenses-b1-02 | lesson-tenses-b1-03","10","win won won","serve served served","Informação factual, narrativa e relações temporais explícitas. Cada aula combina tempos; perfect, duração, sentidos figurados e complementos exigem estudo prévio dos tempos, mesmo com verbos frequentes."
"Verbos Essenciais","lesson-essential-verbs-a1-49","die e send","A1","B1","1800","central","lesson-tenses-b1-02 | lesson-tenses-b1-03","8","Plants die without water.","Have you sent the package?","Informação factual, narrativa e relações temporais explícitas. Cada aula combina tempos; perfect, duração, sentidos figurados e complementos exigem estudo prévio dos tempos, mesmo com verbos frequentes."
"Verbos Essenciais","lesson-essential-verbs-a1-50","expect e build","A1","B1","1810","central","lesson-tenses-b1-02 | lesson-tenses-b1-03","8","I expect good results.","The city has built new bike lanes.","Informação factual, narrativa e relações temporais explícitas. Cada aula combina tempos; perfect, duração, sentidos figurados e complementos exigem estudo prévio dos tempos, mesmo com verbos frequentes."
"Verbos Essenciais","lesson-essential-verbs-a1-51","stay e fall","A1","B1","1820","central","lesson-tenses-b1-02 | lesson-tenses-b1-03","8","I usually stay home on Sundays.","Prices have fallen this month.","Informação factual, narrativa e relações temporais explícitas. Cada aula combina tempos; perfect, duração, sentidos figurados e complementos exigem estudo prévio dos tempos, mesmo com verbos frequentes."
"Verbos Essenciais","lesson-essential-verbs-a1-52","cut e reach","A1","B1","1830","central","lesson-tenses-b1-02 | lesson-tenses-b1-03","8","I cut my hair every month.","Sales have reached a record.","Informação factual, narrativa e relações temporais explícitas. Cada aula combina tempos; perfect, duração, sentidos figurados e complementos exigem estudo prévio dos tempos, mesmo com verbos frequentes."
"Verbos Essenciais","lesson-essential-verbs-a1-53","kill e remain","A1","B1","1840","central","lesson-tenses-b1-02 | lesson-tenses-b1-03","8","This spray kills mosquitoes.","Prices have remained stable.","Informação factual, narrativa e relações temporais explícitas. Cada aula combina tempos; perfect, duração, sentidos figurados e complementos exigem estudo prévio dos tempos, mesmo com verbos frequentes."
"Verbos Essenciais","lesson-essential-verbs-a1-54","Revisão: módulo 9","A1","B1","1850","central","lesson-tenses-b1-02 | lesson-tenses-b1-03","10","die died died","remain remained remained","Informação factual, narrativa e relações temporais explícitas. Cada aula combina tempos; perfect, duração, sentidos figurados e complementos exigem estudo prévio dos tempos, mesmo com verbos frequentes."
"Verbos Essenciais","lesson-essential-verbs-a1-55","sell e eat","A1","B1","1860","central","lesson-tenses-b1-02 | lesson-tenses-b1-03","8","They sell fresh bread here.","Have you eaten yet?","Informação factual, narrativa e relações temporais explícitas. Cada aula combina tempos; perfect, duração, sentidos figurados e complementos exigem estudo prévio dos tempos, mesmo com verbos frequentes."
"Verbos Essenciais","lesson-essential-verbs-a1-56","drink e sleep","A1","B1","1870","central","lesson-tenses-b1-02 | lesson-tenses-b1-03","8","I drink two liters of water a day.","I haven't slept at all.","Informação factual, narrativa e relações temporais explícitas. Cada aula combina tempos; perfect, duração, sentidos figurados e complementos exigem estudo prévio dos tempos, mesmo com verbos frequentes."
"Verbos Essenciais","lesson-essential-verbs-a1-57","drive e fly","A1","B1","1880","central","lesson-tenses-b1-02 | lesson-tenses-b1-03","8","I drive to work.","Have you ever flown business class?","Informação factual, narrativa e relações temporais explícitas. Cada aula combina tempos; perfect, duração, sentidos figurados e complementos exigem estudo prévio dos tempos, mesmo com verbos frequentes."
"Verbos Essenciais","lesson-essential-verbs-a1-58","swim e sing","A1","B1","1890","central","lesson-tenses-b1-02 | lesson-tenses-b1-03","8","I swim every morning.","He has sung on many stages.","Informação factual, narrativa e relações temporais explícitas. Cada aula combina tempos; perfect, duração, sentidos figurados e complementos exigem estudo prévio dos tempos, mesmo com verbos frequentes."
"Verbos Essenciais","lesson-essential-verbs-a1-59","forget e choose","A1","B1","1900","central","lesson-tenses-b1-02 | lesson-tenses-b1-03","8","I always forget his birthday.","Have you chosen a name?","Informação factual, narrativa e relações temporais explícitas. Cada aula combina tempos; perfect, duração, sentidos figurados e complementos exigem estudo prévio dos tempos, mesmo com verbos frequentes."
"Verbos Essenciais","lesson-essential-verbs-a1-60","Revisão: módulo 10","A1","B1","1910","central","lesson-tenses-b1-02 | lesson-tenses-b1-03","10","sell sold sold","choose chose chosen","Informação factual, narrativa e relações temporais explícitas. Cada aula combina tempos; perfect, duração, sentidos figurados e complementos exigem estudo prévio dos tempos, mesmo com verbos frequentes."
"Sobrevivência","lesson-survival-a2-05","No banco","A2","B1","1920","central","lesson-tenses-b1-02","10","I'd like to open an account.","Can I withdraw cash here?","Informação factual, narrativa e relações temporais explícitas. Reparação e serviços previsíveis A2; contestação de cobrança e serviços financeiros especializados B1."
"Rotina e Vida em Casa","lesson-routine-a2-04","Hábitos e frequência","A2","B1","1930","central","lesson-tenses-b1-02","10","I always drink water in the morning.","I'm trying to sleep more.","Informação factual, narrativa e relações temporais explícitas. Rotina concreta no A2; used to e hábitos anteriores ficam após passado e contraste temporal."
"Compras sem Mistério","lesson-shopping-a2-04","Trocas e devoluções","A2","B1","1940","central","lesson-tenses-b1-02","10","I'd like to return this.","I never used it.","Informação factual, narrativa e relações temporais explícitas. Transações de compra no A2; reclamações com passiva/perfect exigem repertório intermediário."
"Compras sem Mistério","lesson-shopping-a2-05","Compras online e entregas","A2","B1","1950","central","lesson-tenses-b1-02","10","I ordered it online last week.","Please leave it at the door.","Informação factual, narrativa e relações temporais explícitas. Transações de compra no A2; reclamações com passiva/perfect exigem repertório intermediário."
"Compras sem Mistério","lesson-shopping-a2-06","Reclamar com educação","A2","B1","1960","central","lesson-tenses-b1-02","10","I'm not happy with this product.","I'll leave a review.","Informação factual, narrativa e relações temporais explícitas. Transações de compra no A2; reclamações com passiva/perfect exigem repertório intermediário."
"Saúde e Bem-estar","lesson-health-a2-02","No médico: sintomas","A2","B1","1970","central","lesson-tenses-b1-02","10","What seems to be the problem?","I'm pregnant.","Informação factual, narrativa e relações temporais explícitas. Pedidos e instruções de saúde são fórmulas A2; duração de sintomas, idiomatismos e internação/passiva exigem B1."
"Saúde e Bem-estar","lesson-health-a2-05","Academia e bem-estar","A2","B1","1980","central","lesson-tenses-b1-02","10","I'm trying to get in shape.","I feel much better now.","Informação factual, narrativa e relações temporais explícitas. Pedidos e instruções de saúde são fórmulas A2; duração de sintomas, idiomatismos e internação/passiva exigem B1."
"Saúde e Bem-estar","lesson-health-a2-06","Hospital e seguro saúde","A2","B1","1990","central","lesson-tenses-b1-02","10","Where is the emergency room?","Get well soon!","Informação factual, narrativa e relações temporais explícitas. Pedidos e instruções de saúde são fórmulas A2; duração de sintomas, idiomatismos e internação/passiva exigem B1."
"Vida Social","lesson-social-a2-01","Conhecendo pessoas","A2","B1","2000","central","lesson-tenses-b1-02","10","Hi, I don't think we've met.","Great to finally meet you.","Informação factual, narrativa e relações temporais explícitas. Convites e agradecimentos previsíveis são A2; experiências no perfect, opiniões e reparação diplomática vêm depois."
"Vida Social","lesson-social-a2-03","Puxando conversa","A2","B1","2010","central","lesson-tenses-b1-02","10","Nice weather today, huh?","Anyway, it was nice talking to you.","Informação factual, narrativa e relações temporais explícitas. Convites e agradecimentos previsíveis são A2; experiências no perfect, opiniões e reparação diplomática vêm depois."
"Vida Social","lesson-social-a2-05","Dando opinião","A2","B1","2020","central","lesson-tenses-b1-02","10","In my opinion, it was too long.","I don't have a strong opinion.","Informação factual, narrativa e relações temporais explícitas. Convites e agradecimentos previsíveis são A2; experiências no perfect, opiniões e reparação diplomática vêm depois."
"Viagem sem Aperto","lesson-travel-a2-06","Restaurante: alergias e problemas","A2","B1","2030","central","lesson-tenses-b1-02","12","I'm allergic to peanuts.","I'll bring you a new one right away.","Informação factual, narrativa e relações temporais explícitas. Transações previsíveis com fórmulas; perfect, passivas e vocabulário de bar exigem consolidação intermediária."
"Viagem sem Aperto","lesson-travel-a2-09","Na farmácia","A2","B1","2040","central","lesson-tenses-b1-02","10","I need something for a headache.","Where can I find sunscreen?","Informação factual, narrativa e relações temporais explícitas. Transações previsíveis com fórmulas; perfect, passivas e vocabulário de bar exigem consolidação intermediária."
"Viagem sem Aperto","lesson-travel-a2-20","Hotel: chegada e check-in","A2","B1","2050","central","lesson-tenses-b1-02","10","Can I check in early?","Enjoy your stay.","Informação factual, narrativa e relações temporais explícitas. Transações previsíveis com fórmulas; perfect, passivas e vocabulário de bar exigem consolidação intermediária."
"Viagem sem Aperto","lesson-travel-a2-24","Bar e balada","A2","B1","2060","central","lesson-tenses-b1-02","10","What do you have on tap?","I'm not drinking tonight, thanks.","Informação factual, narrativa e relações temporais explícitas. Transações previsíveis com fórmulas; perfect, passivas e vocabulário de bar exigem consolidação intermediária."
"Viagem sem Aperto","lesson-travel-a2-27","Revisão: a viagem inteira","A2","B1","2070","central","lesson-tenses-b1-02","10","I'd like to check in, please.","Help! Call an ambulance!","Informação factual, narrativa e relações temporais explícitas. Transações previsíveis com fórmulas; perfect, passivas e vocabulário de bar exigem consolidação intermediária."
"Phrasal Verbs Essenciais","lesson-phrasal-b1-02","Take","B1","B1","2080","central","lesson-tenses-b1-02","10","The plane takes off at noon.","I'll take care of it.","Informação factual, narrativa e relações temporais explícitas. Sentidos cotidianos contextualizados no B1; múltiplos sentidos opacos, verbos de três partes e metáforas no B2."
"Phrasal Verbs Essenciais","lesson-phrasal-b1-04","Come e go","B1","B1","2090","central","lesson-tenses-b1-02","10","When are you coming back?","Prices keep going up.","Informação factual, narrativa e relações temporais explícitas. Sentidos cotidianos contextualizados no B1; múltiplos sentidos opacos, verbos de três partes e metáforas no B2."
"Phrasal Verbs Essenciais","lesson-phrasal-b1-06","Turn e give","B1","B1","2100","central","lesson-tenses-b1-02","10","Turn off the lights when you leave.","I finally gave in and bought it.","Informação factual, narrativa e relações temporais explícitas. Sentidos cotidianos contextualizados no B1; múltiplos sentidos opacos, verbos de três partes e metáforas no B2."
"Phrasal Verbs Essenciais","lesson-phrasal-b1-08","Break","B1","B1","2110","central","lesson-tenses-b1-02","10","My car broke down on the highway.","She broke the record.","Informação factual, narrativa e relações temporais explícitas. Sentidos cotidianos contextualizados no B1; múltiplos sentidos opacos, verbos de três partes e metáforas no B2."
"Phrasal Verbs Essenciais","lesson-phrasal-b1-12","Call e pick","B1","B1","2120","central","lesson-tenses-b1-02","10","They called off the game because of rain.","Nobody picked up the phone.","Informação factual, narrativa e relações temporais explícitas. Sentidos cotidianos contextualizados no B1; múltiplos sentidos opacos, verbos de três partes e metáforas no B2."
"Phrasal Verbs Essenciais","lesson-phrasal-b1-14","Fill","B1","B1","2130","central","lesson-tenses-b1-02","10","Please fill in this form.","I'm filled up, thanks.","Informação factual, narrativa e relações temporais explícitas. Sentidos cotidianos contextualizados no B1; múltiplos sentidos opacos, verbos de três partes e metáforas no B2."
"Phrasal Verbs Essenciais","lesson-phrasal-b1-15","Check","B1","B1","2140","central","lesson-tenses-b1-02","10","We checked in at the hotel at noon.","Did you check the facts?","Informação factual, narrativa e relações temporais explícitas. Sentidos cotidianos contextualizados no B1; múltiplos sentidos opacos, verbos de três partes e metáforas no B2."
"Phrasal Verbs Essenciais","lesson-phrasal-b1-18","Keep","B1","B1","2150","central","lesson-tenses-b1-02","10","Keep up the good work!","Keep it to yourself.","Informação factual, narrativa e relações temporais explícitas. Sentidos cotidianos contextualizados no B1; múltiplos sentidos opacos, verbos de três partes e metáforas no B2."
"Phrasal Verbs Essenciais","lesson-phrasal-b1-19","Por tema: casa e rotina","B1","B1","2160","central","lesson-tenses-b1-02","10","I wake up at six.","Can you pick up some bread?","Informação factual, narrativa e relações temporais explícitas. Sentidos cotidianos contextualizados no B1; múltiplos sentidos opacos, verbos de três partes e metáforas no B2."
"Colocações Naturais","lesson-collocations-b2-01","Make e do","B2","B1","2170","central","lesson-tenses-b1-02","10","I need to make a decision soon.","She did her best, but it was not enough.","Informação factual, narrativa e relações temporais explícitas. Combinações concretas frequentes A2; colocação e contraste de uso B1; precisão, metáfora e registro B2."
"Histórias em Trechos","lesson-stories-b1-01","A chave errada","B1","B1","2180","central","lesson-tenses-b1-02","8","Lucas moved to a new city in the middle of winter.","That was how Lucas met his first friend in the city.","Informação factual, narrativa e relações temporais explícitas. Narrativa curta e explícita com passado, perfect anterior e reporte; não exige compreensão abstrata extensa."
"Histórias em Trechos","lesson-stories-b1-02","O último ônibus","B1","B1","2190","central","lesson-tenses-b1-02","8","It was raining hard when Maya left the office.","She smiled and told Maya to get in.","Informação factual, narrativa e relações temporais explícitas. Narrativa curta e explícita com passado, perfect anterior e reporte; não exige compreensão abstrata extensa."
"Histórias em Trechos","lesson-stories-b1-03","O bolo de aniversário","B1","B1","2200","central","lesson-tenses-b1-02","8","Tom wanted to bake a cake for his sister's birthday.","His sister said it was the best birthday ever.","Informação factual, narrativa e relações temporais explícitas. Narrativa curta e explícita com passado, perfect anterior e reporte; não exige compreensão abstrata extensa."
"Histórias em Trechos","lesson-stories-b1-04","Perdido na estação","B1","B1","2210","central","lesson-tenses-b1-02","8","Pedro arrived in Tokyo with a paper map and no internet.","Pedro never learned his name, but he never forgot him.","Informação factual, narrativa e relações temporais explícitas. Narrativa curta e explícita com passado, perfect anterior e reporte; não exige compreensão abstrata extensa."
"Histórias em Trechos","lesson-stories-b1-05","A entrevista","B1","B1","2220","central","lesson-tenses-b1-02","8","Ana woke up early on the day of her interview.","A week later, she got the job.","Informação factual, narrativa e relações temporais explícitas. Narrativa curta e explícita com passado, perfect anterior e reporte; não exige compreensão abstrata extensa."
"Histórias em Trechos","lesson-stories-b1-06","O cachorro do vizinho","B1","B1","2230","central","lesson-tenses-b1-02","8","Every morning, a small brown dog sat outside my door.","Now we walk him together every Sunday.","Informação factual, narrativa e relações temporais explícitas. Narrativa curta e explícita com passado, perfect anterior e reporte; não exige compreensão abstrata extensa."
"Histórias em Trechos","lesson-stories-b1-07","A carta antiga","B1","B1","2240","central","lesson-tenses-b1-02","8","While cleaning the attic, Sara found an old box.","A month later, she received a reply full of old photos.","Informação factual, narrativa e relações temporais explícitas. Narrativa curta e explícita com passado, perfect anterior e reporte; não exige compreensão abstrata extensa."
"Histórias em Trechos","lesson-stories-b1-08","A trilha","B1","B1","2250","central","lesson-tenses-b1-02","8","We planned to reach the top of the mountain by noon.","It wasn't the trip we planned, but it was a good one.","Informação factual, narrativa e relações temporais explícitas. Narrativa curta e explícita com passado, perfect anterior e reporte; não exige compreensão abstrata extensa."
"Histórias em Trechos","lesson-stories-b1-09","O erro no restaurante","B1","B1","2260","central","lesson-tenses-b1-02","8","Leo invited his parents to a fancy restaurant.","Leo learned that asking politely is not rude.","Informação factual, narrativa e relações temporais explícitas. Narrativa curta e explícita com passado, perfect anterior e reporte; não exige compreensão abstrata extensa."
"Histórias em Trechos","lesson-stories-b1-10","Um ano depois","B1","B1","2270","central","lesson-tenses-b1-02","8","One year ago, I could barely order a coffee in English.","I'm still learning, but now I'm not afraid.","Informação factual, narrativa e relações temporais explícitas. Narrativa curta e explícita com passado, perfect anterior e reporte; não exige compreensão abstrata extensa."
"Inglês no Trabalho","lesson-work-b1-03","Dia a dia remoto","B1","B1","2280","central","lesson-tenses-b1-02","10","I'm working on it right now.","Have a good weekend, everyone.","Informação factual, narrativa e relações temporais explícitas. Comunicação profissional; diplomacia, negociação e expressões corporativas vão depois da comunicação factual."
"Inglês no Trabalho","lesson-work-b1-04","Apresentações","B1","B1","2290","central","lesson-tenses-b1-02","10","Today I'd like to talk about our results.","Thank you for your time.","Informação factual, narrativa e relações temporais explícitas. Comunicação profissional; diplomacia, negociação e expressões corporativas vão depois da comunicação factual."
"Inglês no Trabalho","lesson-work-b1-07","Ligações com clientes","B1","B1","2300","central","lesson-tenses-b1-02","10","Hello, this is Ana from Linguaflow.","Is there anything else I can help with?","Informação factual, narrativa e relações temporais explícitas. Comunicação profissional; diplomacia, negociação e expressões corporativas vão depois da comunicação factual."
"Inglês no Trabalho","lesson-work-b1-09","Conversa informal no escritório","B1","B1","2310","central","lesson-tenses-b1-02","10","How was your weekend?","See you at the meeting.","Informação factual, narrativa e relações temporais explícitas. Comunicação profissional; diplomacia, negociação e expressões corporativas vão depois da comunicação factual."
"Inglês no Trabalho","lesson-work-b1-10","Entrevista de emprego","B1","B1","2320","central","lesson-tenses-b1-02","10","Tell me a little about yourself.","What does a typical day look like?","Informação factual, narrativa e relações temporais explícitas. Comunicação profissional; diplomacia, negociação e expressões corporativas vão depois da comunicação factual."
"Inglês no Trabalho","lesson-work-b1-12","Relatórios e números","B1","B1","2330","central","lesson-tenses-b1-02","10","We reached our goal this quarter.","I'll send you the report by Friday.","Informação factual, narrativa e relações temporais explícitas. Comunicação profissional; diplomacia, negociação e expressões corporativas vão depois da comunicação factual."
"Inglês no Trabalho","lesson-work-b1-13","Networking e eventos","B1","B1","2340","central","lesson-tenses-b1-02","10","Nice to meet you, I work in sales.","Can I introduce you to my colleague?","Informação factual, narrativa e relações temporais explícitas. Comunicação profissional; diplomacia, negociação e expressões corporativas vão depois da comunicação factual."
"Entrevista de Emprego","lesson-interview-b1-01","Abertura e small talk","B1","B1","2350","central","lesson-tenses-b1-02","10","Nice to meet you. Thanks for having me.","I'm ready whenever you are.","Informação factual, narrativa e relações temporais explícitas. Descrição factual de experiência B1; motivação abstrata, condições e negociação profissional B2."
"Entrevista de Emprego","lesson-interview-b1-02","Fale sobre você","B1","B1","2360","central","lesson-tenses-b1-02","10","I'm a software developer with five years of experience.","I'd be happy to go into more detail.","Informação factual, narrativa e relações temporais explícitas. Descrição factual de experiência B1; motivação abstrata, condições e negociação profissional B2."
"Entrevista de Emprego","lesson-interview-b1-03","Experiência e resultados","B1","B1","2370","central","lesson-tenses-b1-02","10","I led a team of four people.","I learned a lot from that project.","Informação factual, narrativa e relações temporais explícitas. Descrição factual de experiência B1; motivação abstrata, condições e negociação profissional B2."
"Entrevista de Emprego","lesson-interview-b1-04","Pontos fortes e fracos","B1","B1","2380","central","lesson-tenses-b1-02","10","One of my strengths is communication.","My colleagues would say I am reliable.","Informação factual, narrativa e relações temporais explícitas. Descrição factual de experiência B1; motivação abstrata, condições e negociação profissional B2."
"Entrevista de Emprego","lesson-interview-b1-05","Perguntas de situação","B1","B1","2390","central","lesson-tenses-b1-02","10","Let me give you an example.","What I learned was to ask for help earlier.","Informação factual, narrativa e relações temporais explícitas. Descrição factual de experiência B1; motivação abstrata, condições e negociação profissional B2."
"Entrevista de Emprego","lesson-interview-b1-08","Perguntas finais e follow-up","B1","B1","2400","central","lesson-tenses-b1-02","10","Do you have any questions for us?","I'm happy to accept the offer.","Informação factual, narrativa e relações temporais explícitas. Descrição factual de experiência B1; motivação abstrata, condições e negociação profissional B2."
"Inglês das Ruas & Gírias Reais","lesson-street-a1-02","Combinando um rolê","A1","B1","2410","central","lesson-tenses-b1-02","10","Are you free this weekend?","Running late, be there in ten.","Informação factual, narrativa e relações temporais explícitas. Idiomatismos, registro informal e reduções exigem contexto; não é um curso inicial."
"Inglês das Ruas & Gírias Reais","lesson-street-a1-03","Reagindo na conversa","A1","B1","2420","central","lesson-tenses-b1-02","10","No way, are you serious?","Whatever you want.","Informação factual, narrativa e relações temporais explícitas. Idiomatismos, registro informal e reduções exigem contexto; não é um curso inicial."
"Inglês das Ruas & Gírias Reais","lesson-street-a1-04","Pedindo favores","A1","B1","2430","central","lesson-tenses-b1-02","10","Can you do me a favor?","You're a lifesaver!","Informação factual, narrativa e relações temporais explícitas. Idiomatismos, registro informal e reduções exigem contexto; não é um curso inicial."
"Inglês das Ruas & Gírias Reais","lesson-street-a1-05","Elogios e empolgação","A1","B1","2440","central","lesson-tenses-b1-02","10","That's awesome!","Way to go!","Informação factual, narrativa e relações temporais explícitas. Idiomatismos, registro informal e reduções exigem contexto; não é um curso inicial."
"Inglês das Ruas & Gírias Reais","lesson-street-a1-06","Reduções da fala","A1","B1","2450","central","lesson-tenses-b1-02","10","I'm gonna be late.","Wanna grab a coffee?","Informação factual, narrativa e relações temporais explícitas. Idiomatismos, registro informal e reduções exigem contexto; não é um curso inicial."
"Inglês das Ruas & Gírias Reais","lesson-street-a1-07","Mensagens de texto","A1","B1","2460","central","lesson-tenses-b1-02","10","Text me when you're there.","Let me know.","Informação factual, narrativa e relações temporais explícitas. Idiomatismos, registro informal e reduções exigem contexto; não é um curso inicial."
"Inglês das Ruas & Gírias Reais","lesson-street-a1-08","Dinheiro na gíria","A1","B1","2470","central","lesson-tenses-b1-02","10","I'm broke.","I'll pay you back tomorrow.","Informação factual, narrativa e relações temporais explícitas. Idiomatismos, registro informal e reduções exigem contexto; não é um curso inicial."
"Inglês das Ruas & Gírias Reais","lesson-street-a1-11","Discordar e reclamar","A1","B1","2480","central","lesson-tenses-b1-02","10","I don't think so.","Come on!","Informação factual, narrativa e relações temporais explícitas. Idiomatismos, registro informal e reduções exigem contexto; não é um curso inicial."
"Expressões Idiomáticas e Fluência","lesson-idioms-b2-04","Marcadores de conversa","B2","B1","2490","central","lesson-tenses-b1-02","10","Well, it depends on the situation.","Let me put it this way.","Informação factual, narrativa e relações temporais explícitas. Marcadores e narrativa sinalizada no B1; densidade idiomática, sentidos figurados e mitigação no B2."
"Expressões Idiomáticas e Fluência","lesson-idioms-b2-06","Contando uma história","B2","B1","2500","central","lesson-tenses-b1-02","10","You won't believe what happened to me.","And that's how I met my wife.","Informação factual, narrativa e relações temporais explícitas. Marcadores e narrativa sinalizada no B1; densidade idiomática, sentidos figurados e mitigação no B2."
"Parágrafos","lesson-paragraphs-b2-01","Apresentação pessoal","B2","B1","2510","central","lesson-tenses-b1-02","8","My name is Julia, and I am a nurse from the south of Brazil. I have worked in the same hospital for six years.","So, that is a little about me. I hope we can talk more soon, and I would love to hear about you too.","Informação factual, narrativa e relações temporais explícitas. Narrativas e descrições sinalizadas B1; opinião, reclamação formal, avaliação crítica e alternativas B2. A tarefa de digitação aumenta a carga."
"Parágrafos","lesson-paragraphs-b2-02","Minha rotina","B2","B1","2520","central","lesson-tenses-b1-02","8","My day starts at six, when my alarm goes off. First, I make coffee and check the weather.","All in all, I like having a routine. It helps me use my time well, and it gives me energy for the things I enjoy.","Informação factual, narrativa e relações temporais explícitas. Narrativas e descrições sinalizadas B1; opinião, reclamação formal, avaliação crítica e alternativas B2. A tarefa de digitação aumenta a carga."
"Parágrafos","lesson-paragraphs-b2-03","Minha cidade","B2","B1","2530","central","lesson-tenses-b1-02","8","I live in a medium-sized city near the mountains. It is quiet during the week and busy on weekends.","Even so, I would not live anywhere else. The people are friendly, and the mountains are always there when I need peace.","Informação factual, narrativa e relações temporais explícitas. Narrativas e descrições sinalizadas B1; opinião, reclamação formal, avaliação crítica e alternativas B2. A tarefa de digitação aumenta a carga."
"Parágrafos","lesson-paragraphs-b2-04","Uma viagem","B2","B1","2540","central","lesson-tenses-b1-02","8","Last summer, my friends and I traveled to the coast of Portugal. We rented a small car and drove from town to town.","When we got home, we printed our favorite photos. I still keep one on my desk to remind me of that trip.","Informação factual, narrativa e relações temporais explícitas. Narrativas e descrições sinalizadas B1; opinião, reclamação formal, avaliação crítica e alternativas B2. A tarefa de digitação aumenta a carga."
"Parágrafos","lesson-paragraphs-b2-08","Descrever um processo","B2","B1","2550","central","lesson-tenses-b1-02","8","Making good bread at home is easier than most people think. You only need flour, water, salt and yeast.","Fresh bread is best on the same day, but it also freezes well. Slice it first, so you can take out only what you need.","Informação factual, narrativa e relações temporais explícitas. Narrativas e descrições sinalizadas B1; opinião, reclamação formal, avaliação crítica e alternativas B2. A tarefa de digitação aumenta a carga."
"Fala Conectada","lesson-connected-b2-02","Gonna, wanna, gotta, hafta","B2","B1","2560","central","lesson-tenses-b1-02","10","I'm gonna be late tonight.","He's not gonna say yes.","Informação factual, narrativa e relações temporais explícitas. Ligação básica A2 e reduções frequentes B1; modais perfeitos, variedade regional e contrações múltiplas B2. Fora da trilha até aceite do áudio."
"Fala Conectada","lesson-connected-b2-03","Perguntas e pedidos rápidos","B2","B1","2570","central","lesson-tenses-b1-02","10","Whaddya want for dinner?","Lemme know if you need anything.","Informação factual, narrativa e relações temporais explícitas. Ligação básica A2 e reduções frequentes B1; modais perfeitos, variedade regional e contrações múltiplas B2. Fora da trilha até aceite do áudio."
"Fala Conectada","lesson-connected-b2-04","Kinda, sorta e companhia","B2","B1","2580","central","lesson-tenses-b1-02","10","It's kinda cold in here.","It's kinda funny when you think about it.","Informação factual, narrativa e relações temporais explícitas. Ligação básica A2 e reduções frequentes B1; modais perfeitos, variedade regional e contrações múltiplas B2. Fora da trilha até aceite do áudio."
"Tempos Verbais em Uso","lesson-tenses-b1-09","Terceira condicional","B1","B2","2590","central","lesson-tenses-b1-03 | lesson-tenses-b1-06","10","If I had left earlier, I would have caught the train.","You should have told me earlier.","Argumentação, polissemia, idiomatismo ou gramática contrafactual. Contrastes básicos no A2; perfect, narrativa e reporte no B1; contrafactuais passados, dedução passada e passivas compostas no B2."
"Tempos Verbais em Uso","lesson-tenses-b1-11","Voz passiva: outros tempos","B1","B2","2600","central","lesson-tenses-b1-03","10","The package has been delivered.","He got fired last month.","Argumentação, polissemia, idiomatismo ou gramática contrafactual. Contrastes básicos no A2; perfect, narrativa e reporte no B1; contrafactuais passados, dedução passada e passivas compostas no B2."
"Tempos Verbais em Uso","lesson-tenses-b1-15","Dedução no passado","B1","B2","2610","central","lesson-tenses-b1-03","10","She must have forgotten.","Someone must have taken it by mistake.","Argumentação, polissemia, idiomatismo ou gramática contrafactual. Contrastes básicos no A2; perfect, narrativa e reporte no B1; contrafactuais passados, dedução passada e passivas compostas no B2."
"Tempos Verbais em Uso","lesson-tenses-b1-16","Revisão: tempos avançados","B1","B2","2620","central","lesson-tenses-b1-03","10","If it rains tomorrow, we will stay home.","I wish I had listened to you.","Argumentação, polissemia, idiomatismo ou gramática contrafactual. Contrastes básicos no A2; perfect, narrativa e reporte no B1; contrafactuais passados, dedução passada e passivas compostas no B2."
"Verbos Modais","lesson-modals-b1-03","Should","B1","B2","2630","central","lesson-tenses-b1-03 | lesson-tenses-b1-06","10","You should see a doctor.","You ought to rest.","Argumentação, polissemia, idiomatismo ou gramática contrafactual. Habilidade, pedidos e obrigação A2; hábitos hipotéticos B1; modais perfeitos e dedução passada B2."
"Verbos Modais","lesson-modals-b1-04","Must","B1","B2","2640","central","lesson-tenses-b1-03 | lesson-tenses-b1-06","10","I must finish this today.","Must we leave so early?","Argumentação, polissemia, idiomatismo ou gramática contrafactual. Habilidade, pedidos e obrigação A2; hábitos hipotéticos B1; modais perfeitos e dedução passada B2."
"Verbos Modais","lesson-modals-b1-05","Might","B1","B2","2650","central","lesson-tenses-b1-03 | lesson-tenses-b1-06","10","I might go to the party.","Might I suggest something?","Argumentação, polissemia, idiomatismo ou gramática contrafactual. Habilidade, pedidos e obrigação A2; hábitos hipotéticos B1; modais perfeitos e dedução passada B2."
"Verbos Modais","lesson-modals-b1-08","May","B1","B2","2660","central","lesson-tenses-b1-03 | lesson-tenses-b1-06","10","May I come in?","May all your dreams come true.","Argumentação, polissemia, idiomatismo ou gramática contrafactual. Habilidade, pedidos e obrigação A2; hábitos hipotéticos B1; modais perfeitos e dedução passada B2."
"Preposições e Conectores","lesson-prepositions-b1-05","Conectores de contraste","B1","B2","2670","central","lesson-tenses-b1-03","10","I like it, but it is too expensive.","It is small but cozy.","Argumentação, polissemia, idiomatismo ou gramática contrafactual. Lugar concreto é A1; tempo e combinações frequentes A2; contraste discursivo e concessão vêm depois."
"Gramática B2 em Uso","lesson-grammar-b2-01","Wish e if only","B2","B2","2680","central","lesson-tenses-b1-03","10","I wish I had more time.","He acts as if he owned the place.","Argumentação, polissemia, idiomatismo ou gramática contrafactual. Gramática intermediária avançada B2; ênfase com clivagem, inversão negativa/condicional e futuro perfeito contínuo no C1."
"Gramática B2 em Uso","lesson-grammar-b2-02","Condicionais mistos","B2","B2","2690","central","lesson-tenses-b1-03","10","If I had saved more, I would be richer now.","We would still be friends if she had not moved away.","Argumentação, polissemia, idiomatismo ou gramática contrafactual. Gramática intermediária avançada B2; ênfase com clivagem, inversão negativa/condicional e futuro perfeito contínuo no C1."
"Gramática B2 em Uso","lesson-grammar-b2-03","Causativo: have e get","B2","B2","2700","central","lesson-tenses-b1-03","10","I had my car repaired yesterday.","Have you had your eyes checked lately?","Argumentação, polissemia, idiomatismo ou gramática contrafactual. Gramática intermediária avançada B2; ênfase com clivagem, inversão negativa/condicional e futuro perfeito contínuo no C1."
"Gramática B2 em Uso","lesson-grammar-b2-04","Orações relativas","B2","B2","2710","central","lesson-tenses-b1-03","10","The man who lives next door is a doctor.","People who work from home save time.","Argumentação, polissemia, idiomatismo ou gramática contrafactual. Gramática intermediária avançada B2; ênfase com clivagem, inversão negativa/condicional e futuro perfeito contínuo no C1."
"Gramática B2 em Uso","lesson-grammar-b2-05","Gerúndio × infinitivo","B2","B2","2720","central","lesson-tenses-b1-03","10","I enjoy cooking for my friends.","Try adding a little salt.","Argumentação, polissemia, idiomatismo ou gramática contrafactual. Gramática intermediária avançada B2; ênfase com clivagem, inversão negativa/condicional e futuro perfeito contínuo no C1."
"Vocabulário por Temas","lesson-themes-b2-01","Meio ambiente","B2","B2","2730","central","lesson-tenses-b1-03","20","climate","deforestation","Argumentação, polissemia, idiomatismo ou gramática contrafactual. Vocabulário temático especializado; alvo lexical isolado, não comprovação de domínio discursivo B2."
"Vocabulário por Temas","lesson-themes-b2-02","Tecnologia","B2","B2","2740","central","lesson-tenses-b1-03","20","software","digital","Argumentação, polissemia, idiomatismo ou gramática contrafactual. Vocabulário temático especializado; alvo lexical isolado, não comprovação de domínio discursivo B2."
"Vocabulário por Temas","lesson-themes-b2-03","Economia","B2","B2","2750","central","lesson-tenses-b1-03","20","inflation","expenses","Argumentação, polissemia, idiomatismo ou gramática contrafactual. Vocabulário temático especializado; alvo lexical isolado, não comprovação de domínio discursivo B2."
"Vocabulário por Temas","lesson-themes-b2-04","Saúde","B2","B2","2760","central","lesson-tenses-b1-03","20","symptom","mental","Argumentação, polissemia, idiomatismo ou gramática contrafactual. Vocabulário temático especializado; alvo lexical isolado, não comprovação de domínio discursivo B2."
"Vocabulário por Temas","lesson-themes-b2-05","Mídia","B2","B2","2770","central","lesson-tenses-b1-03","20","headline","opinion","Argumentação, polissemia, idiomatismo ou gramática contrafactual. Vocabulário temático especializado; alvo lexical isolado, não comprovação de domínio discursivo B2."
"Vocabulário por Temas","lesson-themes-b2-06","Relacionamentos","B2","B2","2780","central","lesson-tenses-b1-03","20","trust","patience","Argumentação, polissemia, idiomatismo ou gramática contrafactual. Vocabulário temático especializado; alvo lexical isolado, não comprovação de domínio discursivo B2."
"Vida Social","lesson-social-a2-06","Desculpas e mal-entendidos","A2","B2","2790","central","lesson-tenses-b1-03","10","I'm sorry, I didn't mean to hurt you.","We're good.","Argumentação, polissemia, idiomatismo ou gramática contrafactual. Convites e agradecimentos previsíveis são A2; experiências no perfect, opiniões e reparação diplomática vêm depois."
"Registro e Precisão","lesson-register-c1-01","Formal ou informal","C1","B2","2800","central","lesson-tenses-b1-03","10","Could you please let me know whether you are available?","Cheers, talk soon.","Argumentação, polissemia, idiomatismo ou gramática contrafactual. Fórmulas de registro B2; cautela acadêmica, nominalização, precisão e análise abstrata C1. Não constitui currículo C1 completo."
"Phrasal Verbs Essenciais","lesson-phrasal-b1-01","Get","B1","B2","2810","central","lesson-tenses-b1-03","10","I get up at six every day.","He always gets away with it.","Argumentação, polissemia, idiomatismo ou gramática contrafactual. Sentidos cotidianos contextualizados no B1; múltiplos sentidos opacos, verbos de três partes e metáforas no B2."
"Phrasal Verbs Avançados","lesson-phrasal-b2-01","Falar e agir","B2","B2","2820","central","lesson-tenses-b1-03 | lesson-phrasal-b1-02","10","She brought up the issue at lunch.","Do not let them talk you out of it.","Argumentação, polissemia, idiomatismo ou gramática contrafactual. Polissemia, sentidos figurados, combinações de três partes e contextos sociais/profissionais."
"Phrasal Verbs Avançados","lesson-phrasal-b2-02","Resolver e entender","B2","B2","2830","central","lesson-tenses-b1-03 | lesson-phrasal-b1-02","10","I cannot figure out how this machine works.","It turned out to be a great idea.","Argumentação, polissemia, idiomatismo ou gramática contrafactual. Polissemia, sentidos figurados, combinações de três partes e contextos sociais/profissionais."
"Phrasal Verbs Essenciais","lesson-phrasal-b1-03","Put","B1","B2","2840","central","lesson-tenses-b1-03","10","Put on your coat, it is cold.","Please put your name down on the list.","Argumentação, polissemia, idiomatismo ou gramática contrafactual. Sentidos cotidianos contextualizados no B1; múltiplos sentidos opacos, verbos de três partes e metáforas no B2."
"Phrasal Verbs Avançados","lesson-phrasal-b2-03","Criar e superar","B2","B2","2850","central","lesson-tenses-b1-03 | lesson-phrasal-b1-02","10","She came up with a clever solution.","We have to deal with this problem now.","Argumentação, polissemia, idiomatismo ou gramática contrafactual. Polissemia, sentidos figurados, combinações de três partes e contextos sociais/profissionais."
"Phrasal Verbs Avançados","lesson-phrasal-b2-04","Aguentar e respeitar","B2","B2","2860","central","lesson-tenses-b1-03 | lesson-phrasal-b1-02","10","I cannot put up with this noise any longer.","She let me down when I needed her.","Argumentação, polissemia, idiomatismo ou gramática contrafactual. Polissemia, sentidos figurados, combinações de três partes e contextos sociais/profissionais."
"Phrasal Verbs Essenciais","lesson-phrasal-b1-05","Look","B1","B2","2870","central","lesson-tenses-b1-03","10","I'm looking for my keys.","Things are looking up.","Argumentação, polissemia, idiomatismo ou gramática contrafactual. Sentidos cotidianos contextualizados no B1; múltiplos sentidos opacos, verbos de três partes e metáforas no B2."
"Phrasal Verbs Avançados","lesson-phrasal-b2-05","Apoiar e perceber","B2","B2","2880","central","lesson-tenses-b1-03 | lesson-phrasal-b1-02","10","Please back up your files before the update.","He has been going on about it all day.","Argumentação, polissemia, idiomatismo ou gramática contrafactual. Polissemia, sentidos figurados, combinações de três partes e contextos sociais/profissionais."
"Phrasal Verbs Avançados","lesson-phrasal-b2-06","Quebrar e gastar","B2","B2","2890","central","lesson-tenses-b1-03 | lesson-phrasal-b1-02","10","The old sofa is falling apart.","I ran out of patience with him.","Argumentação, polissemia, idiomatismo ou gramática contrafactual. Polissemia, sentidos figurados, combinações de três partes e contextos sociais/profissionais."
"Phrasal Verbs Essenciais","lesson-phrasal-b1-07","Make","B1","B2","2900","central","lesson-tenses-b1-03","10","She made up an excuse.","I need to make up my mind.","Argumentação, polissemia, idiomatismo ou gramática contrafactual. Sentidos cotidianos contextualizados no B1; múltiplos sentidos opacos, verbos de três partes e metáforas no B2."
"Phrasal Verbs Avançados","lesson-phrasal-b2-07","Segurar e entregar","B2","B2","2910","central","lesson-tenses-b1-03 | lesson-phrasal-b1-02","10","Let us hold off on the decision until Monday.","She handed down the job to her cousin.","Argumentação, polissemia, idiomatismo ou gramática contrafactual. Polissemia, sentidos figurados, combinações de três partes e contextos sociais/profissionais."
"Phrasal Verbs Avançados","lesson-phrasal-b2-08","Recusar e cancelar","B2","B2","2920","central","lesson-tenses-b1-03 | lesson-phrasal-b1-02","10","She turned down the job offer.","I had to say no and walk away.","Argumentação, polissemia, idiomatismo ou gramática contrafactual. Polissemia, sentidos figurados, combinações de três partes e contextos sociais/profissionais."
"Phrasal Verbs Essenciais","lesson-phrasal-b1-09","Bring","B1","B2","2930","central","lesson-tenses-b1-03","10","Don't bring up politics at dinner.","Bring a jacket, it gets cold at night.","Argumentação, polissemia, idiomatismo ou gramática contrafactual. Sentidos cotidianos contextualizados no B1; múltiplos sentidos opacos, verbos de três partes e metáforas no B2."
"Phrasal Verbs Avançados","lesson-phrasal-b2-09","Acompanhar e atrasar","B2","B2","2940","central","lesson-tenses-b1-03 | lesson-phrasal-b1-02","10","I need to catch up on my emails.","Things are picking up at work.","Argumentação, polissemia, idiomatismo ou gramática contrafactual. Polissemia, sentidos figurados, combinações de três partes e contextos sociais/profissionais."
"Phrasal Verbs Essenciais","lesson-phrasal-b1-10","Run","B1","B2","2950","central","lesson-tenses-b1-03","10","We've run out of coffee.","It runs in the family.","Argumentação, polissemia, idiomatismo ou gramática contrafactual. Sentidos cotidianos contextualizados no B1; múltiplos sentidos opacos, verbos de três partes e metáforas no B2."
"Phrasal Verbs Avançados","lesson-phrasal-b2-10","Encontrar e se destacar","B2","B2","2960","central","lesson-tenses-b1-03 | lesson-phrasal-b1-02","10","I ran into an old friend at the airport.","It is time to move on and start over.","Argumentação, polissemia, idiomatismo ou gramática contrafactual. Polissemia, sentidos figurados, combinações de três partes e contextos sociais/profissionais."
"Phrasal Verbs Essenciais","lesson-phrasal-b1-11","Set","B1","B2","2970","central","lesson-tenses-b1-03","10","Can you help me set up the projector?","I'm all set.","Argumentação, polissemia, idiomatismo ou gramática contrafactual. Sentidos cotidianos contextualizados no B1; múltiplos sentidos opacos, verbos de três partes e metáforas no B2."
"Phrasal Verbs Essenciais","lesson-phrasal-b1-13","Work","B1","B2","2980","central","lesson-tenses-b1-03","10","I work out three times a week.","It works out cheaper by train.","Argumentação, polissemia, idiomatismo ou gramática contrafactual. Sentidos cotidianos contextualizados no B1; múltiplos sentidos opacos, verbos de três partes e metáforas no B2."
"Phrasal Verbs Essenciais","lesson-phrasal-b1-16","Hang","B1","B2","2990","central","lesson-tenses-b1-03","10","We hang out every Friday.","She's hung up on her ex.","Argumentação, polissemia, idiomatismo ou gramática contrafactual. Sentidos cotidianos contextualizados no B1; múltiplos sentidos opacos, verbos de três partes e metáforas no B2."
"Phrasal Verbs Essenciais","lesson-phrasal-b1-17","Hold","B1","B2","3000","central","lesson-tenses-b1-03","10","Hold on, I will check.","Hold it right there!","Argumentação, polissemia, idiomatismo ou gramática contrafactual. Sentidos cotidianos contextualizados no B1; múltiplos sentidos opacos, verbos de três partes e metáforas no B2."
"Phrasal Verbs Essenciais","lesson-phrasal-b1-20","Por tema: relacionamentos","B1","B2","3010","central","lesson-tenses-b1-03","10","We get along really well.","I'll catch up with you later.","Argumentação, polissemia, idiomatismo ou gramática contrafactual. Sentidos cotidianos contextualizados no B1; múltiplos sentidos opacos, verbos de três partes e metáforas no B2."
"Colocações Naturais","lesson-collocations-b2-03","Adjetivo + substantivo","B2","B2","3020","central","lesson-tenses-b1-03","10","We had heavy rain all weekend.","We need fresh air and some good news.","Argumentação, polissemia, idiomatismo ou gramática contrafactual. Combinações concretas frequentes A2; colocação e contraste de uso B1; precisão, metáfora e registro B2."
"Colocações Naturais","lesson-collocations-b2-04","Verbo + substantivo no trabalho","B2","B2","3030","central","lesson-tenses-b1-03","10","We need to meet the deadline on Friday.","Please keep me in the loop.","Argumentação, polissemia, idiomatismo ou gramática contrafactual. Combinações concretas frequentes A2; colocação e contraste de uso B1; precisão, metáfora e registro B2."
"Colocações Naturais","lesson-collocations-b2-05","Advérbio + adjetivo","B2","B2","3040","central","lesson-tenses-b1-03","10","I am deeply grateful for your help.","We are fairly sure it will work.","Argumentação, polissemia, idiomatismo ou gramática contrafactual. Combinações concretas frequentes A2; colocação e contraste de uso B1; precisão, metáfora e registro B2."
"Colocações Naturais","lesson-collocations-b2-06","Dinheiro","B2","B2","3050","central","lesson-tenses-b1-03","10","She makes a good living as a nurse.","We are on a tight budget this month.","Argumentação, polissemia, idiomatismo ou gramática contrafactual. Combinações concretas frequentes A2; colocação e contraste de uso B1; precisão, metáfora e registro B2."
"Colocações Naturais","lesson-collocations-b2-07","Tempo e atenção","B2","B2","3060","central","lesson-tenses-b1-03","10","Do not waste your time on this.","Take the chance while you still can.","Argumentação, polissemia, idiomatismo ou gramática contrafactual. Combinações concretas frequentes A2; colocação e contraste de uso B1; precisão, metáfora e registro B2."
"Colocações Naturais","lesson-collocations-b2-08","Comunicação","B2","B2","3070","central","lesson-tenses-b1-03","10","Can I raise a question about the schedule?","We reached a point where we had to talk.","Argumentação, polissemia, idiomatismo ou gramática contrafactual. Combinações concretas frequentes A2; colocação e contraste de uso B1; precisão, metáfora e registro B2."
"Reuniões e Negociação","lesson-negotiation-b2-01","Conduzir a reunião","B2","B2","3080","central","lesson-tenses-b1-03","10","Thank you all for joining on short notice.","I will circulate the minutes by tomorrow.","Argumentação, polissemia, idiomatismo ou gramática contrafactual. Reuniões, contrapropostas e concessões exigem diplomacia, hipóteses e registro profissional."
"Inglês no Trabalho","lesson-work-b1-01","Reuniões","B1","B2","3090","central","lesson-tenses-b1-03","10","Let's get started.","Thanks, everyone. Talk soon.","Argumentação, polissemia, idiomatismo ou gramática contrafactual. Comunicação profissional; diplomacia, negociação e expressões corporativas vão depois da comunicação factual."
"Reuniões e Negociação","lesson-negotiation-b2-02","Opinar com diplomacia","B2","B2","3100","central","lesson-tenses-b1-03","10","I see where you are coming from.","I am afraid I have to disagree on that.","Argumentação, polissemia, idiomatismo ou gramática contrafactual. Reuniões, contrapropostas e concessões exigem diplomacia, hipóteses e registro profissional."
"Inglês no Trabalho","lesson-work-b1-02","E-mails e mensagens","B1","B2","3110","central","lesson-tenses-b1-03","10","Just following up on my last email.","Looking forward to working with you.","Argumentação, polissemia, idiomatismo ou gramática contrafactual. Comunicação profissional; diplomacia, negociação e expressões corporativas vão depois da comunicação factual."
"Reuniões e Negociação","lesson-negotiation-b2-03","Propor e contrapropor","B2","B2","3120","central","lesson-tenses-b1-03","10","Here is what we are proposing.","We can meet you halfway on the delivery date.","Argumentação, polissemia, idiomatismo ou gramática contrafactual. Reuniões, contrapropostas e concessões exigem diplomacia, hipóteses e registro profissional."
"Reuniões e Negociação","lesson-negotiation-b2-04","Preço e condições","B2","B2","3130","central","lesson-tenses-b1-03","10","Our rates are competitive for this market.","Could you send us a revised quote?","Argumentação, polissemia, idiomatismo ou gramática contrafactual. Reuniões, contrapropostas e concessões exigem diplomacia, hipóteses e registro profissional."
"Reuniões e Negociação","lesson-negotiation-b2-05","Objeções e concessões","B2","B2","3140","central","lesson-tenses-b1-03","10","I understand your position, but we cannot go that far.","That is as far as we can go.","Argumentação, polissemia, idiomatismo ou gramática contrafactual. Reuniões, contrapropostas e concessões exigem diplomacia, hipóteses e registro profissional."
"Inglês no Trabalho","lesson-work-b1-05","Dar e receber feedback","B1","B2","3150","central","lesson-tenses-b1-03","10","You did a great job on this.","Keep up the good work.","Argumentação, polissemia, idiomatismo ou gramática contrafactual. Comunicação profissional; diplomacia, negociação e expressões corporativas vão depois da comunicação factual."
"Reuniões e Negociação","lesson-negotiation-b2-06","Fechar o acordo","B2","B2","3160","central","lesson-tenses-b1-03","10","So, do we have a deal?","Let us schedule a check-in for next month.","Argumentação, polissemia, idiomatismo ou gramática contrafactual. Reuniões, contrapropostas e concessões exigem diplomacia, hipóteses e registro profissional."
"Inglês no Trabalho","lesson-work-b1-06","Prazos e negociação","B1","B2","3170","central","lesson-tenses-b1-03","10","When do you need this by?","We have a deal.","Argumentação, polissemia, idiomatismo ou gramática contrafactual. Comunicação profissional; diplomacia, negociação e expressões corporativas vão depois da comunicação factual."
"Reuniões e Negociação","lesson-negotiation-b2-07","Apresentar resultados","B2","B2","3180","central","lesson-tenses-b1-03","10","Sales rose by twelve percent last quarter.","Let me highlight the key takeaway.","Argumentação, polissemia, idiomatismo ou gramática contrafactual. Reuniões, contrapropostas e concessões exigem diplomacia, hipóteses e registro profissional."
"Reuniões e Negociação","lesson-negotiation-b2-08","Conflitos e prazos","B2","B2","3190","central","lesson-tenses-b1-03","10","I am afraid we will miss the deadline.","We will keep you updated every step of the way.","Argumentação, polissemia, idiomatismo ou gramática contrafactual. Reuniões, contrapropostas e concessões exigem diplomacia, hipóteses e registro profissional."
"Inglês no Trabalho","lesson-work-b1-08","Pedir ajuda e delegar","B1","B2","3200","central","lesson-tenses-b1-03","10","Could you help me with this report?","Thanks for jumping in.","Argumentação, polissemia, idiomatismo ou gramática contrafactual. Comunicação profissional; diplomacia, negociação e expressões corporativas vão depois da comunicação factual."
"Inglês no Trabalho","lesson-work-b1-11","E-mails formais","B1","B2","3210","central","lesson-tenses-b1-03","10","Dear Mr. Smith,","Apologies for the delay.","Argumentação, polissemia, idiomatismo ou gramática contrafactual. Comunicação profissional; diplomacia, negociação e expressões corporativas vão depois da comunicação factual."
"Inglês no Trabalho","lesson-work-b1-14","Conflitos e problemas","B1","B2","3220","central","lesson-tenses-b1-03","10","I think there has been a misunderstanding.","Thanks for being honest with me.","Argumentação, polissemia, idiomatismo ou gramática contrafactual. Comunicação profissional; diplomacia, negociação e expressões corporativas vão depois da comunicação factual."
"Inglês no Trabalho","lesson-work-b1-15","Liderança e metas","B1","B2","3230","central","lesson-tenses-b1-03","10","Let's set clear goals for this month.","Let's celebrate this win.","Argumentação, polissemia, idiomatismo ou gramática contrafactual. Comunicação profissional; diplomacia, negociação e expressões corporativas vão depois da comunicação factual."
"Inglês no Trabalho","lesson-work-b1-16","Revisão: um dia de trabalho","B1","B2","3240","central","lesson-tenses-b1-03","10","Let's get started.","Let's focus on the solution.","Argumentação, polissemia, idiomatismo ou gramática contrafactual. Comunicação profissional; diplomacia, negociação e expressões corporativas vão depois da comunicação factual."
"Entrevista de Emprego","lesson-interview-b1-06","Motivação e a empresa","B1","B2","3250","central","lesson-tenses-b1-03","10","I admire your company culture.","Your mission really speaks to me.","Argumentação, polissemia, idiomatismo ou gramática contrafactual. Descrição factual de experiência B1; motivação abstrata, condições e negociação profissional B2."
"Entrevista de Emprego","lesson-interview-b1-07","Salário e disponibilidade","B1","B2","3260","central","lesson-tenses-b1-03","10","What is the salary range for this role?","Could I have some time to think about the offer?","Argumentação, polissemia, idiomatismo ou gramática contrafactual. Descrição factual de experiência B1; motivação abstrata, condições e negociação profissional B2."
"Inglês das Ruas & Gírias Reais","lesson-street-a1-01","Cumprimentos, chegadas e saídas","A1","B2","3270","central","lesson-tenses-b1-03","10","Hey, what's up? Long time no see!","Let's call it a day, I'm completely wiped out.","Argumentação, polissemia, idiomatismo ou gramática contrafactual. Idiomatismos, registro informal e reduções exigem contexto; não é um curso inicial."
"Inglês das Ruas & Gírias Reais","lesson-street-a1-09","Cansaço, estresse e humor","A1","B2","3280","central","lesson-tenses-b1-03","10","I'm beat.","I'm hanging in there.","Argumentação, polissemia, idiomatismo ou gramática contrafactual. Idiomatismos, registro informal e reduções exigem contexto; não é um curso inicial."
"Inglês das Ruas & Gírias Reais","lesson-street-a1-10","Expressões idiomáticas do dia a dia","A1","B2","3290","central","lesson-tenses-b1-03","10","It's a piece of cake.","I'm all ears.","Argumentação, polissemia, idiomatismo ou gramática contrafactual. Idiomatismos, registro informal e reduções exigem contexto; não é um curso inicial."
"Inglês das Ruas & Gírias Reais","lesson-street-a1-12","Revisão: gírias em conversa","A1","B2","3300","central","lesson-tenses-b1-03","10","What's up?","It's not a big deal.","Argumentação, polissemia, idiomatismo ou gramática contrafactual. Idiomatismos, registro informal e reduções exigem contexto; não é um curso inicial."
"Expressões Idiomáticas e Fluência","lesson-idioms-b2-01","Idioms de trabalho","B2","B2","3310","central","lesson-tenses-b1-03","10","Let's touch base next week.","Let's call it a day.","Argumentação, polissemia, idiomatismo ou gramática contrafactual. Marcadores e narrativa sinalizada no B1; densidade idiomática, sentidos figurados e mitigação no B2."
"Expressões Idiomáticas e Fluência","lesson-idioms-b2-02","Idioms de sentimentos","B2","B2","3320","central","lesson-tenses-b1-03","10","I'm on cloud nine.","I'm walking on air.","Argumentação, polissemia, idiomatismo ou gramática contrafactual. Marcadores e narrativa sinalizada no B1; densidade idiomática, sentidos figurados e mitigação no B2."
"Expressões Idiomáticas e Fluência","lesson-idioms-b2-03","Idioms de dinheiro e tempo","B2","B2","3330","central","lesson-tenses-b1-03","10","Money is tight this month.","Let's not waste time.","Argumentação, polissemia, idiomatismo ou gramática contrafactual. Marcadores e narrativa sinalizada no B1; densidade idiomática, sentidos figurados e mitigação no B2."
"Expressões Idiomáticas e Fluência","lesson-idioms-b2-05","Suavizando opiniões","B2","B2","3340","central","lesson-tenses-b1-03","10","I'm not sure that's the best idea.","That's one way to look at it.","Argumentação, polissemia, idiomatismo ou gramática contrafactual. Marcadores e narrativa sinalizada no B1; densidade idiomática, sentidos figurados e mitigação no B2."
"Expressões Idiomáticas e Fluência","lesson-idioms-b2-07","Idioms de relacionamentos","B2","B2","3350","central","lesson-tenses-b1-03","10","We hit it off right away.","Blood is thicker than water.","Argumentação, polissemia, idiomatismo ou gramática contrafactual. Marcadores e narrativa sinalizada no B1; densidade idiomática, sentidos figurados e mitigação no B2."
"Expressões Idiomáticas e Fluência","lesson-idioms-b2-08","Idioms de problemas e soluções","B2","B2","3360","central","lesson-tenses-b1-03","10","We hit a snag with the payment.","Don't jump the gun.","Argumentação, polissemia, idiomatismo ou gramática contrafactual. Marcadores e narrativa sinalizada no B1; densidade idiomática, sentidos figurados e mitigação no B2."
"Expressões Idiomáticas e Fluência","lesson-idioms-b2-09","Idioms de opinião e discordância","B2","B2","3370","central","lesson-tenses-b1-03","10","I couldn't agree more.","I take everything he says with a grain of salt.","Argumentação, polissemia, idiomatismo ou gramática contrafactual. Marcadores e narrativa sinalizada no B1; densidade idiomática, sentidos figurados e mitigação no B2."
"Expressões Idiomáticas e Fluência","lesson-idioms-b2-10","Idioms de esforço e ritmo","B2","B2","3380","central","lesson-tenses-b1-03","10","I'm swamped at work.","I need to recharge my batteries.","Argumentação, polissemia, idiomatismo ou gramática contrafactual. Marcadores e narrativa sinalizada no B1; densidade idiomática, sentidos figurados e mitigação no B2."
"Argumentar e Debater","lesson-debate-b2-01","Opinar e justificar","B2","B2","3390","central","lesson-tenses-b1-03","10","In my view, remote work is here to stay.","I feel very strongly about this issue.","Argumentação, polissemia, idiomatismo ou gramática contrafactual. Argumentação, evidência, concessão e contra-argumentação sobre assuntos abstratos."
"Argumentar e Debater","lesson-debate-b2-02","Evidências e exemplos","B2","B2","3400","central","lesson-tenses-b1-03","10","For instance, several cities have already done this.","There is plenty of proof that it works.","Argumentação, polissemia, idiomatismo ou gramática contrafactual. Argumentação, evidência, concessão e contra-argumentação sobre assuntos abstratos."
"Argumentar e Debater","lesson-debate-b2-03","Contra-argumentar","B2","B2","3410","central","lesson-tenses-b1-03","10","I take your point, but I see it differently.","By the same logic, we would have to ban cars.","Argumentação, polissemia, idiomatismo ou gramática contrafactual. Argumentação, evidência, concessão e contra-argumentação sobre assuntos abstratos."
"Argumentar e Debater","lesson-debate-b2-04","Conceder e redirecionar","B2","B2","3420","central","lesson-tenses-b1-03","10","I will grant you that the cost is high.","The real question is who pays for it.","Argumentação, polissemia, idiomatismo ou gramática contrafactual. Argumentação, evidência, concessão e contra-argumentação sobre assuntos abstratos."
"Argumentar e Debater","lesson-debate-b2-05","Perguntas que testam","B2","B2","3430","central","lesson-tenses-b1-03","10","What exactly do you mean by that?","Would you say that again, more slowly?","Argumentação, polissemia, idiomatismo ou gramática contrafactual. Argumentação, evidência, concessão e contra-argumentação sobre assuntos abstratos."
"Argumentar e Debater","lesson-debate-b2-06","Concluir e persuadir","B2","B2","3440","central","lesson-tenses-b1-03","10","In conclusion, the evidence points one way.","Thank you for listening, and I welcome your questions.","Argumentação, polissemia, idiomatismo ou gramática contrafactual. Argumentação, evidência, concessão e contra-argumentação sobre assuntos abstratos."
"Parágrafos","lesson-paragraphs-b2-05","Texto de opinião","B2","B2","3450","central","lesson-tenses-b1-03","8","Many companies now allow people to work from home. In my opinion, this is a positive change for most workers.","To sum up, working from home is a useful option, not a solution for everyone. What matters most is that people have a real choice.","Argumentação, polissemia, idiomatismo ou gramática contrafactual. Narrativas e descrições sinalizadas B1; opinião, reclamação formal, avaliação crítica e alternativas B2. A tarefa de digitação aumenta a carga."
"Parágrafos","lesson-paragraphs-b2-06","E-mail formal","B2","B2","3460","central","lesson-tenses-b1-03","8","Dear Sir or Madam, I am writing to complain about an order I placed on your website last month.","Thank you for your time and attention to this matter. Please find my order number and contact details below.","Argumentação, polissemia, idiomatismo ou gramática contrafactual. Narrativas e descrições sinalizadas B1; opinião, reclamação formal, avaliação crítica e alternativas B2. A tarefa de digitação aumenta a carga."
"Parágrafos","lesson-paragraphs-b2-07","Resenha","B2","B2","3470","central","lesson-tenses-b1-03","8","Last night I watched a film about a family that runs a small bakery. It is simple, but it stayed with me for hours.","I recommend it to anyone who enjoys slow, human stories. If you want action, however, you should choose something else.","Argumentação, polissemia, idiomatismo ou gramática contrafactual. Narrativas e descrições sinalizadas B1; opinião, reclamação formal, avaliação crítica e alternativas B2. A tarefa de digitação aumenta a carga."
"Parágrafos","lesson-paragraphs-b2-09","Comparar opções","B2","B2","3480","central","lesson-tenses-b1-03","8","When people move to a new city, they often have to choose between renting and buying a home.","Whichever option you choose, make a budget first. Knowing your numbers will protect you from decisions you may regret later.","Argumentação, polissemia, idiomatismo ou gramática contrafactual. Narrativas e descrições sinalizadas B1; opinião, reclamação formal, avaliação crítica e alternativas B2. A tarefa de digitação aumenta a carga."
"Parágrafos","lesson-paragraphs-b2-10","Planos para o futuro","B2","B2","3490","central","lesson-tenses-b1-03","8","Next year is going to be a big year for me. I am planning to change jobs and move to a new city.","Of course, nothing is certain. But I would rather try and fail than wonder what could have happened.","Argumentação, polissemia, idiomatismo ou gramática contrafactual. Narrativas e descrições sinalizadas B1; opinião, reclamação formal, avaliação crítica e alternativas B2. A tarefa de digitação aumenta a carga."
"Entrelinhas: Ironia e Subentendidos","lesson-subtext-b2-01","Dizer menos do que se pensa","B2","B2","3500","central","lesson-tenses-b1-03","10","That is not bad at all.","That is one way of looking at it.","Argumentação, polissemia, idiomatismo ou gramática contrafactual. Intenções indiretas B2; sarcasmo e elogio com crítica implícita C1 pela inferência pragmática. Sem contexto/entoação não há interpretação única."
"Entrelinhas: Ironia e Subentendidos","lesson-subtext-b2-03","Pedidos indiretos","B2","B2","3510","central","lesson-tenses-b1-03","10","It is a bit cold in here.","I could really use a coffee right now.","Argumentação, polissemia, idiomatismo ou gramática contrafactual. Intenções indiretas B2; sarcasmo e elogio com crítica implícita C1 pela inferência pragmática. Sem contexto/entoação não há interpretação única."
"Entrelinhas: Ironia e Subentendidos","lesson-subtext-b2-04","Recusas educadas","B2","B2","3520","central","lesson-tenses-b1-03","10","I would love to, but I have other plans.","I do not think that is a good idea.","Argumentação, polissemia, idiomatismo ou gramática contrafactual. Intenções indiretas B2; sarcasmo e elogio com crítica implícita C1 pela inferência pragmática. Sem contexto/entoação não há interpretação única."
"Entrelinhas: Ironia e Subentendidos","lesson-subtext-b2-06","Perguntas retóricas","B2","B2","3530","central","lesson-tenses-b1-03","10","Who does he think he is?","Am I the only one who finds this odd?","Argumentação, polissemia, idiomatismo ou gramática contrafactual. Intenções indiretas B2; sarcasmo e elogio com crítica implícita C1 pela inferência pragmática. Sem contexto/entoação não há interpretação única."
"Entrelinhas: Ironia e Subentendidos","lesson-subtext-b2-07","Eufemismos","B2","B2","3540","central","lesson-tenses-b1-03","10","He passed away last spring.","The restroom is just down the hall.","Argumentação, polissemia, idiomatismo ou gramática contrafactual. Intenções indiretas B2; sarcasmo e elogio com crítica implícita C1 pela inferência pragmática. Sem contexto/entoação não há interpretação única."
"Entrelinhas: Ironia e Subentendidos","lesson-subtext-b2-08","Exagero e humor","B2","B2","3550","central","lesson-tenses-b1-03","10","I have told you a million times.","That joke was so bad it was good.","Argumentação, polissemia, idiomatismo ou gramática contrafactual. Intenções indiretas B2; sarcasmo e elogio com crítica implícita C1 pela inferência pragmática. Sem contexto/entoação não há interpretação única."
"Inglês Falado: Reduções","lesson-spoken-reductions-a2-01","Reduções além do gonna","A2","B2","3560","central","lesson-tenses-b1-03","10","C'mon, we're gonna miss the bus.","Wait, you gonna eat that?","Argumentação, polissemia, idiomatismo ou gramática contrafactual. Reduções regionais, elipse, shoulda/coulda e forma não padrão; piloto fora da trilha até aceite do áudio."
"Fala Conectada","lesson-connected-b2-01","Should have, could have, would have","B2","B2","3570","central","lesson-tenses-b1-03","10","I shoulda called you yesterday.","We shoulda taken the train instead.","Argumentação, polissemia, idiomatismo ou gramática contrafactual. Ligação básica A2 e reduções frequentes B1; modais perfeitos, variedade regional e contrações múltiplas B2. Fora da trilha até aceite do áudio."
"Fala Conectada","lesson-connected-b2-06","Cuz, ya, em e y'all","B2","B2","3580","central","lesson-tenses-b1-03","10","I stayed home cuz I was sick.","Thank ya so much for everything.","Argumentação, polissemia, idiomatismo ou gramática contrafactual. Ligação básica A2 e reduções frequentes B1; modais perfeitos, variedade regional e contrações múltiplas B2. Fora da trilha até aceite do áudio."
"Fala Conectada","lesson-connected-b2-07","Contrações duplas","B2","B2","3590","central","lesson-tenses-b1-03","10","I wouldn't've said that.","Where'd you put my keys?","Argumentação, polissemia, idiomatismo ou gramática contrafactual. Ligação básica A2 e reduções frequentes B1; modais perfeitos, variedade regional e contrações múltiplas B2. Fora da trilha até aceite do áudio."
"Fala Conectada","lesson-connected-b2-08","Tudo junto","B2","B2","3600","central","lesson-tenses-b1-03","10","I dunno, I kinda wanna stay home tonight.","I woulda stayed, but I hafta wake up early.","Argumentação, polissemia, idiomatismo ou gramática contrafactual. Ligação básica A2 e reduções frequentes B1; modais perfeitos, variedade regional e contrações múltiplas B2. Fora da trilha até aceite do áudio."
"Gramática B2 em Uso","lesson-grammar-b2-06","Ênfase","B2","C1","3610","central","lesson-tenses-b1-09","10","It was Mark who broke the window.","It is exactly what I was hoping for.","Inferência implícita, registro fino ou construção marcada avançada. Gramática intermediária avançada B2; ênfase com clivagem, inversão negativa/condicional e futuro perfeito contínuo no C1."
"Gramática B2 em Uso","lesson-grammar-b2-07","Inversão","B2","C1","3620","central","lesson-tenses-b1-09","10","Never have I seen such a mess.","No sooner had he sat down than the phone rang.","Inferência implícita, registro fino ou construção marcada avançada. Gramática intermediária avançada B2; ênfase com clivagem, inversão negativa/condicional e futuro perfeito contínuo no C1."
"Gramática B2 em Uso","lesson-grammar-b2-08","Futuro perfeito e contínuo","B2","C1","3630","central","lesson-tenses-b1-09","10","By next year, I will have finished my degree.","We will not have finished before noon.","Inferência implícita, registro fino ou construção marcada avançada. Gramática intermediária avançada B2; ênfase com clivagem, inversão negativa/condicional e futuro perfeito contínuo no C1."
"Registro e Precisão","lesson-register-c1-02","Cautela acadêmica","C1","C1","3640","central","lesson-tenses-b1-09","10","The results appear to support this hypothesis.","One could argue that the opposite is true.","Inferência implícita, registro fino ou construção marcada avançada. Fórmulas de registro B2; cautela acadêmica, nominalização, precisão e análise abstrata C1. Não constitui currículo C1 completo."
"Registro e Precisão","lesson-register-c1-03","Nominalização","C1","C1","3650","central","lesson-tenses-b1-09","10","The increase in prices surprised everyone.","Careful consideration is required before any change.","Inferência implícita, registro fino ou construção marcada avançada. Fórmulas de registro B2; cautela acadêmica, nominalização, precisão e análise abstrata C1. Não constitui currículo C1 completo."
"Registro e Precisão","lesson-register-c1-04","Conectores avançados","C1","C1","3660","central","lesson-tenses-b1-09","10","The plan is sound; nevertheless, it carries some risk.","Hence, further action is required.","Inferência implícita, registro fino ou construção marcada avançada. Fórmulas de registro B2; cautela acadêmica, nominalização, precisão e análise abstrata C1. Não constitui currículo C1 completo."
"Registro e Precisão","lesson-register-c1-05","Verbos formais","C1","C1","3670","central","lesson-tenses-b1-09","10","You are required to submit the form by Friday.","The proposal was subsequently withdrawn.","Inferência implícita, registro fino ou construção marcada avançada. Fórmulas de registro B2; cautela acadêmica, nominalização, precisão e análise abstrata C1. Não constitui currículo C1 completo."
"Registro e Precisão","lesson-register-c1-06","Linguagem de análise","C1","C1","3680","central","lesson-tenses-b1-09","10","The delay was largely due to poor planning.","This outcome is attributable to several causes.","Inferência implícita, registro fino ou construção marcada avançada. Fórmulas de registro B2; cautela acadêmica, nominalização, precisão e análise abstrata C1. Não constitui currículo C1 completo."
"Registro e Precisão","lesson-register-c1-07","Graduar a intensidade","C1","C1","3690","central","lesson-tenses-b1-09","10","The change was barely noticeable.","We are only marginally behind our rivals.","Inferência implícita, registro fino ou construção marcada avançada. Fórmulas de registro B2; cautela acadêmica, nominalização, precisão e análise abstrata C1. Não constitui currículo C1 completo."
"Registro e Precisão","lesson-register-c1-08","Fechar relatórios","C1","C1","3700","central","lesson-tenses-b1-09","10","In summary, the project met its main objectives.","This concludes our report.","Inferência implícita, registro fino ou construção marcada avançada. Fórmulas de registro B2; cautela acadêmica, nominalização, precisão e análise abstrata C1. Não constitui currículo C1 completo."
"Entrelinhas: Ironia e Subentendidos","lesson-subtext-b2-02","Sarcasmo","B2","C1","3710","central","lesson-tenses-b1-09","10","Oh great, another meeting.","Wow, you are a real genius.","Inferência implícita, registro fino ou construção marcada avançada. Intenções indiretas B2; sarcasmo e elogio com crítica implícita C1 pela inferência pragmática. Sem contexto/entoação não há interpretação única."
"Entrelinhas: Ironia e Subentendidos","lesson-subtext-b2-05","Elogio com ressalva","B2","C1","3720","central","lesson-tenses-b1-09","10","It is quite an interesting choice.","Interesting idea, but we need to think about costs.","Inferência implícita, registro fino ou construção marcada avançada. Intenções indiretas B2; sarcasmo e elogio com crítica implícita C1 pela inferência pragmática. Sem contexto/entoação não há interpretação única."
